{
  "fio version" : "fio-3.28",
  "timestamp" : 1759639875,
  "timestamp_ms" : 1759639875357,
  "time" : "Sat Oct  4 23:51:15 2025",
  "jobs" : [
    {
      "jobname" : "prefill",
      "groupid" : 0,
      "error" : 0,
      "eta" : 0,
      "elapsed" : 18,
      "job options" : {
        "name" : "prefill",
        "ioengine" : "psync",
        "rw" : "write",
        "bs" : "1M",
        "numjobs" : "1",
        "size" : "10G",
        "iodepth" : "1",
        "direct" : "1",
        "filename" : "./random-rw",
        "time_based" : "0",
        "group_reporting" : "1"
      },
      "read" : {
        "io_bytes" : 0,
        "io_kbytes" : 0,
        "bw_bytes" : 0,
        "bw" : 0,
        "iops" : 0.000000,
        "runtime" : 0,
        "total_ios" : 0,
        "short_ios" : 0,
        "drop_ios" : 0,
        "slat_ns" : {
          "min" : 0,
          "max" : 0,
          "mean" : 0.000000,
          "stddev" : 0.000000,
          "N" : 0
        },
        "clat_ns" : {
          "min" : 0,
          "max" : 0,
          "mean" : 0.000000,
          "stddev" : 0.000000,
          "N" : 0
        },
        "lat_ns" : {
          "min" : 0,
          "max" : 0,
          "mean" : 0.000000,
          "stddev" : 0.000000,
          "N" : 0
        },
        "bw_min" : 0,
        "bw_max" : 0,
        "bw_agg" : 0.000000,
        "bw_mean" : 0.000000,
        "bw_dev" : 0.000000,
        "bw_samples" : 0,
        "iops_min" : 0,
        "iops_max" : 0,
        "iops_mean" : 0.000000,
        "iops_stddev" : 0.000000,
        "iops_samples" : 0
      },
      "write" : {
        "io_bytes" : 10737418240,
        "io_kbytes" : 10485760,
        "bw_bytes" : 619835954,
        "bw" : 605308,
        "iops" : 591.121630,
        "runtime" : 17323,
        "total_ios" : 10240,
        "short_ios" : 0,
        "drop_ios" : 0,
        "slat_ns" : {
          "min" : 0,
          "max" : 0,
          "mean" : 0.000000,
          "stddev" : 0.000000,
          "N" : 0
        },
        "clat_ns" : {
          "min" : 188894,
          "max" : 29100245,
          "mean" : 1682684.072266,
          "stddev" : 1925650.664890,
          "N" : 10240,
          "percentile" : {
            "1.000000" : 197632,
            "5.000000" : 222208,
            "10.000000" : 228352,
            "20.000000" : 234496,
            "30.000000" : 325632,
            "40.000000" : 411648,
            "50.000000" : 1351680,
            "60.000000" : 1695744,
            "70.000000" : 1908736,
            "80.000000" : 2932736,
            "90.000000" : 4046848,
            "95.000000" : 5537792,
            "99.000000" : 8454144,
            "99.500000" : 9240576,
            "99.900000" : 14352384,
            "99.950000" : 17170432,
            "99.990000" : 25559040
          }
        },
        "lat_ns" : {
          "min" : 191599,
          "max" : 29109803,
          "mean" : 1690989.718164,
          "stddev" : 1926787.295022,
          "N" : 10240
        },
        "bw_min" : 237568,
        "bw_max" : 2344367,
        "bw_agg" : 92.274263,
        "bw_mean" : 558544.441176,
        "bw_dev" : 493639.399190,
        "bw_samples" : 34,
        "iops_min" : 232,
        "iops_max" : 2289,
        "iops_mean" : 545.441176,
        "iops_stddev" : 482.023587,
        "iops_samples" : 34
      },
      "trim" : {
        "io_bytes" : 0,
        "io_kbytes" : 0,
        "bw_bytes" : 0,
        "bw" : 0,
        "iops" : 0.000000,
        "runtime" : 0,
        "total_ios" : 0,
        "short_ios" : 0,
        "drop_ios" : 0,
        "slat_ns" : {
          "min" : 0,
          "max" : 0,
          "mean" : 0.000000,
          "stddev" : 0.000000,
          "N" : 0
        },
        "clat_ns" : {
          "min" : 0,
          "max" : 0,
          "mean" : 0.000000,
          "stddev" : 0.000000,
          "N" : 0
        },
        "lat_ns" : {
          "min" : 0,
          "max" : 0,
          "mean" : 0.000000,
          "stddev" : 0.000000,
          "N" : 0
        },
        "bw_min" : 0,
        "bw_max" : 0,
        "bw_agg" : 0.000000,
        "bw_mean" : 0.000000,
        "bw_dev" : 0.000000,
        "bw_samples" : 0,
        "iops_min" : 0,
        "iops_max" : 0,
        "iops_mean" : 0.000000,
        "iops_stddev" : 0.000000,
        "iops_samples" : 0
      },
      "sync" : {
        "total_ios" : 0,
        "lat_ns" : {
          "min" : 0,
          "max" : 0,
          "mean" : 0.000000,
          "stddev" : 0.000000,
          "N" : 0
        }
      },
      "job_runtime" : 17322,
      "usr_cpu" : 0.941000,
      "sys_cpu" : 6.055883,
      "ctx" : 10251,
      "majf" : 0,
      "minf" : 13,
      "iodepth_level" : {
        "1" : 100.000000,
        "2" : 0.000000,
        "4" : 0.000000,
        "8" : 0.000000,
        "16" : 0.000000,
        "32" : 0.000000,
        ">=64" : 0.000000
      },
      "iodepth_submit" : {
        "0" : 0.000000,
        "4" : 100.000000,
        "8" : 0.000000,
        "16" : 0.000000,
        "32" : 0.000000,
        "64" : 0.000000,
        ">=64" : 0.000000
      },
      "iodepth_complete" : {
        "0" : 0.000000,
        "4" : 100.000000,
        "8" : 0.000000,
        "16" : 0.000000,
        "32" : 0.000000,
        "64" : 0.000000,
        ">=64" : 0.000000
      },
      "latency_ns" : {
        "2" : 0.000000,
        "4" : 0.000000,
        "10" : 0.000000,
        "20" : 0.000000,
        "50" : 0.000000,
        "100" : 0.000000,
        "250" : 0.000000,
        "500" : 0.000000,
        "750" : 0.000000,
        "1000" : 0.000000
      },
      "latency_us" : {
        "2" : 0.000000,
        "4" : 0.000000,
        "10" : 0.000000,
        "20" : 0.000000,
        "50" : 0.000000,
        "100" : 0.000000,
        "250" : 24.589844,
        "500" : 20.566406,
        "750" : 2.822266,
        "1000" : 0.644531
      },
      "latency_ms" : {
        "2" : 24.736328,
        "4" : 16.357422,
        "10" : 9.970703,
        "20" : 0.283203,
        "50" : 0.029297,
        "100" : 0.000000,
        "250" : 0.000000,
        "500" : 0.000000,
        "750" : 0.000000,
        "1000" : 0.000000,
        "2000" : 0.000000,
        ">=2000" : 0.000000
      },
      "latency_depth" : 1,
      "latency_target" : 0,
      "latency_percentile" : 100.000000,
      "latency_window" : 0
    }
  ],
  "disk_util" : [
    {
      "name" : "nvme0n1",
      "read_ios" : 0,
      "write_ios" : 77938,
      "read_merges" : 0,
      "write_merges" : 122,
      "read_ticks" : 0,
      "write_ticks" : 80283,
      "in_queue" : 80501,
      "util" : 94.106387
    }
  ]
}
