{
  "fio version" : "fio-3.28",
  "timestamp" : 1759640056,
  "timestamp_ms" : 1759640056262,
  "time" : "Sat Oct  4 23:54:16 2025",
  "jobs" : [
    {
      "jobname" : "randrw-t4",
      "groupid" : 0,
      "error" : 0,
      "eta" : 0,
      "elapsed" : 61,
      "job options" : {
        "name" : "randrw-t4",
        "ioengine" : "psync",
        "rw" : "randrw",
        "bs" : "64k",
        "numjobs" : "4",
        "size" : "10G",
        "iodepth" : "1",
        "runtime" : "60",
        "time_based" : "1",
        "direct" : "1",
        "filename" : "./random-rw",
        "group_reporting" : "1"
      },
      "read" : {
        "io_bytes" : 18097373184,
        "io_kbytes" : 17673216,
        "bw_bytes" : 301607806,
        "bw" : 294538,
        "iops" : 4602.169892,
        "runtime" : 60003,
        "total_ios" : 276144,
        "short_ios" : 0,
        "drop_ios" : 0,
        "slat_ns" : {
          "min" : 0,
          "max" : 0,
          "mean" : 0.000000,
          "stddev" : 0.000000,
          "N" : 0
        },
        "clat_ns" : {
          "min" : 89683,
          "max" : 32394253,
          "mean" : 701747.438818,
          "stddev" : 1073173.496606,
          "N" : 276144,
          "percentile" : {
            "1.000000" : 105984,
            "5.000000" : 124416,
            "10.000000" : 138240,
            "20.000000" : 156672,
            "30.000000" : 177152,
            "40.000000" : 197632,
            "50.000000" : 220160,
            "60.000000" : 252928,
            "70.000000" : 309248,
            "80.000000" : 1036288,
            "90.000000" : 2506752,
            "95.000000" : 2965504,
            "99.000000" : 4423680,
            "99.500000" : 5341184,
            "99.900000" : 6586368,
            "99.950000" : 7241728,
            "99.990000" : 12255232
          }
        },
        "lat_ns" : {
          "min" : 89713,
          "max" : 32394303,
          "mean" : 701793.900954,
          "stddev" : 1073187.561052,
          "N" : 276144
        },
        "bw_min" : 89984,
        "bw_max" : 1090176,
        "bw_agg" : 100.000000,
        "bw_mean" : 296217.815126,
        "bw_dev" : 79216.119887,
        "bw_samples" : 476,
        "iops_min" : 1406,
        "iops_max" : 17034,
        "iops_mean" : 4628.403361,
        "iops_stddev" : 1237.751873,
        "iops_samples" : 476
      },
      "write" : {
        "io_bytes" : 18104844288,
        "io_kbytes" : 17680512,
        "bw_bytes" : 301732318,
        "bw" : 294660,
        "iops" : 4604.069797,
        "runtime" : 60003,
        "total_ios" : 276258,
        "short_ios" : 0,
        "drop_ios" : 0,
        "slat_ns" : {
          "min" : 0,
          "max" : 0,
          "mean" : 0.000000,
          "stddev" : 0.000000,
          "N" : 0
        },
        "clat_ns" : {
          "min" : 23906,
          "max" : 30671247,
          "mean" : 164493.167014,
          "stddev" : 515661.122600,
          "N" : 276258,
          "percentile" : {
            "1.000000" : 25472,
            "5.000000" : 25984,
            "10.000000" : 26496,
            "20.000000" : 27520,
            "30.000000" : 28800,
            "40.000000" : 32384,
            "50.000000" : 38144,
            "60.000000" : 39680,
            "70.000000" : 42240,
            "80.000000" : 48896,
            "90.000000" : 185344,
            "95.000000" : 1253376,
            "99.000000" : 2179072,
            "99.500000" : 2572288,
            "99.900000" : 4227072,
            "99.950000" : 7766016,
            "99.990000" : 14483456
          }
        },
        "lat_ns" : {
          "min" : 24407,
          "max" : 30672820,
          "mean" : 166038.662815,
          "stddev" : 515723.512450,
          "N" : 276258
        },
        "bw_min" : 78848,
        "bw_max" : 1116544,
        "bw_agg" : 100.000000,
        "bw_mean" : 296365.176471,
        "bw_dev" : 79605.003165,
        "bw_samples" : 476,
        "iops_min" : 1232,
        "iops_max" : 17446,
        "iops_mean" : 4630.705882,
        "iops_stddev" : 1243.828174,
        "iops_samples" : 476
      },
      "trim" : {
        "io_bytes" : 0,
        "io_kbytes" : 0,
        "bw_bytes" : 0,
        "bw" : 0,
        "iops" : 0.000000,
        "runtime" : 0,
        "total_ios" : 0,
        "short_ios" : 0,
        "drop_ios" : 0,
        "slat_ns" : {
          "min" : 0,
          "max" : 0,
          "mean" : 0.000000,
          "stddev" : 0.000000,
          "N" : 0
        },
        "clat_ns" : {
          "min" : 0,
          "max" : 0,
          "mean" : 0.000000,
          "stddev" : 0.000000,
          "N" : 0
        },
        "lat_ns" : {
          "min" : 0,
          "max" : 0,
          "mean" : 0.000000,
          "stddev" : 0.000000,
          "N" : 0
        },
        "bw_min" : 0,
        "bw_max" : 0,
        "bw_agg" : 0.000000,
        "bw_mean" : 0.000000,
        "bw_dev" : 0.000000,
        "bw_samples" : 0,
        "iops_min" : 0,
        "iops_max" : 0,
        "iops_mean" : 0.000000,
        "iops_stddev" : 0.000000,
        "iops_samples" : 0
      },
      "sync" : {
        "total_ios" : 0,
        "lat_ns" : {
          "min" : 0,
          "max" : 0,
          "mean" : 0.000000,
          "stddev" : 0.000000,
          "N" : 0
        }
      },
      "job_runtime" : 240007,
      "usr_cpu" : 0.412905,
      "sys_cpu" : 3.887387,
      "ctx" : 552432,
      "majf" : 0,
      "minf" : 68,
      "iodepth_level" : {
        "1" : 100.000000,
        "2" : 0.000000,
        "4" : 0.000000,
        "8" : 0.000000,
        "16" : 0.000000,
        "32" : 0.000000,
        ">=64" : 0.000000
      },
      "iodepth_submit" : {
        "0" : 0.000000,
        "4" : 100.000000,
        "8" : 0.000000,
        "16" : 0.000000,
        "32" : 0.000000,
        "64" : 0.000000,
        ">=64" : 0.000000
      },
      "iodepth_complete" : {
        "0" : 0.000000,
        "4" : 100.000000,
        "8" : 0.000000,
        "16" : 0.000000,
        "32" : 0.000000,
        "64" : 0.000000,
        ">=64" : 0.000000
      },
      "latency_ns" : {
        "2" : 0.000000,
        "4" : 0.000000,
        "10" : 0.000000,
        "20" : 0.000000,
        "50" : 0.000000,
        "100" : 0.000000,
        "250" : 0.000000,
        "500" : 0.000000,
        "750" : 0.000000,
        "1000" : 0.000000
      },
      "latency_us" : {
        "2" : 0.000000,
        "4" : 0.000000,
        "10" : 0.000000,
        "20" : 0.000000,
        "50" : 40.437761,
        "100" : 3.436809,
        "250" : 31.113211,
        "500" : 8.921039,
        "750" : 1.242573,
        "1000" : 1.397352
      },
      "latency_ms" : {
        "2" : 6.368369,
        "4" : 5.916163,
        "10" : 1.138482,
        "20" : 0.026792,
        "50" : 0.010000,
        "100" : 0.000000,
        "250" : 0.000000,
        "500" : 0.000000,
        "750" : 0.000000,
        "1000" : 0.000000,
        "2000" : 0.000000,
        ">=2000" : 0.000000
      },
      "latency_depth" : 1,
      "latency_target" : 0,
      "latency_percentile" : 100.000000,
      "latency_window" : 0
    }
  ],
  "disk_util" : [
    {
      "name" : "nvme0n1",
      "read_ios" : 275978,
      "write_ios" : 276391,
      "read_merges" : 0,
      "write_merges" : 229,
      "read_ticks" : 190293,
      "write_ticks" : 42051,
      "in_queue" : 232696,
      "util" : 91.888737
    }
  ]
}
