{
  "fio version" : "fio-3.28",
  "timestamp" : 1759639995,
  "timestamp_ms" : 1759639995949,
  "time" : "Sat Oct  4 23:53:15 2025",
  "jobs" : [
    {
      "jobname" : "randrw-t2",
      "groupid" : 0,
      "error" : 0,
      "eta" : 0,
      "elapsed" : 61,
      "job options" : {
        "name" : "randrw-t2",
        "ioengine" : "psync",
        "rw" : "randrw",
        "bs" : "64k",
        "numjobs" : "2",
        "size" : "10G",
        "iodepth" : "1",
        "runtime" : "60",
        "time_based" : "1",
        "direct" : "1",
        "filename" : "./random-rw",
        "group_reporting" : "1"
      },
      "read" : {
        "io_bytes" : 13768065024,
        "io_kbytes" : 13445376,
        "bw_bytes" : 229463926,
        "bw" : 224085,
        "iops" : 3501.341644,
        "runtime" : 60001,
        "total_ios" : 210084,
        "short_ios" : 0,
        "drop_ios" : 0,
        "slat_ns" : {
          "min" : 0,
          "max" : 0,
          "mean" : 0.000000,
          "stddev" : 0.000000,
          "N" : 0
        },
        "clat_ns" : {
          "min" : 90774,
          "max" : 19815133,
          "mean" : 478879.446836,
          "stddev" : 799629.255257,
          "N" : 210084,
          "percentile" : {
            "1.000000" : 97792,
            "5.000000" : 108032,
            "10.000000" : 120320,
            "20.000000" : 138240,
            "30.000000" : 154624,
            "40.000000" : 175104,
            "50.000000" : 193536,
            "60.000000" : 214016,
            "70.000000" : 238592,
            "80.000000" : 284672,
            "90.000000" : 1499136,
            "95.000000" : 2605056,
            "99.000000" : 3751936,
            "99.500000" : 4227072,
            "99.900000" : 5603328,
            "99.950000" : 5799936,
            "99.990000" : 8159232
          }
        },
        "lat_ns" : {
          "min" : 90794,
          "max" : 19815173,
          "mean" : 478920.765037,
          "stddev" : 799640.153958,
          "N" : 210084
        },
        "bw_min" : 49280,
        "bw_max" : 615424,
        "bw_agg" : 99.674738,
        "bw_mean" : 223357.848739,
        "bw_dev" : 110682.688410,
        "bw_samples" : 238,
        "iops_min" : 770,
        "iops_max" : 9616,
        "iops_mean" : 3489.966387,
        "iops_stddev" : 1729.417006,
        "iops_samples" : 238
      },
      "write" : {
        "io_bytes" : 13780385792,
        "io_kbytes" : 13457408,
        "bw_bytes" : 229669268,
        "bw" : 224286,
        "iops" : 3504.474925,
        "runtime" : 60001,
        "total_ios" : 210272,
        "short_ios" : 0,
        "drop_ios" : 0,
        "slat_ns" : {
          "min" : 0,
          "max" : 0,
          "mean" : 0.000000,
          "stddev" : 0.000000,
          "N" : 0
        },
        "clat_ns" : {
          "min" : 24266,
          "max" : 15536667,
          "mean" : 89832.509440,
          "stddev" : 291678.573856,
          "N" : 210272,
          "percentile" : {
            "1.000000" : 25728,
            "5.000000" : 26240,
            "10.000000" : 26496,
            "20.000000" : 27008,
            "30.000000" : 27776,
            "40.000000" : 28800,
            "50.000000" : 36608,
            "60.000000" : 38656,
            "70.000000" : 39680,
            "80.000000" : 41728,
            "90.000000" : 51456,
            "95.000000" : 244736,
            "99.000000" : 1384448,
            "99.500000" : 1810432,
            "99.900000" : 2506752,
            "99.950000" : 2736128,
            "99.990000" : 8028160
          }
        },
        "lat_ns" : {
          "min" : 24637,
          "max" : 15539662,
          "mean" : 91101.600532,
          "stddev" : 291688.524197,
          "N" : 210272
        },
        "bw_min" : 46336,
        "bw_max" : 617088,
        "bw_agg" : 99.654284,
        "bw_mean" : 223511.663866,
        "bw_dev" : 111299.627642,
        "bw_samples" : 238,
        "iops_min" : 724,
        "iops_max" : 9642,
        "iops_mean" : 3492.369748,
        "iops_stddev" : 1739.056682,
        "iops_samples" : 238
      },
      "trim" : {
        "io_bytes" : 0,
        "io_kbytes" : 0,
        "bw_bytes" : 0,
        "bw" : 0,
        "iops" : 0.000000,
        "runtime" : 0,
        "total_ios" : 0,
        "short_ios" : 0,
        "drop_ios" : 0,
        "slat_ns" : {
          "min" : 0,
          "max" : 0,
          "mean" : 0.000000,
          "stddev" : 0.000000,
          "N" : 0
        },
        "clat_ns" : {
          "min" : 0,
          "max" : 0,
          "mean" : 0.000000,
          "stddev" : 0.000000,
          "N" : 0
        },
        "lat_ns" : {
          "min" : 0,
          "max" : 0,
          "mean" : 0.000000,
          "stddev" : 0.000000,
          "N" : 0
        },
        "bw_min" : 0,
        "bw_max" : 0,
        "bw_agg" : 0.000000,
        "bw_mean" : 0.000000,
        "bw_dev" : 0.000000,
        "bw_samples" : 0,
        "iops_min" : 0,
        "iops_max" : 0,
        "iops_mean" : 0.000000,
        "iops_stddev" : 0.000000,
        "iops_samples" : 0
      },
      "sync" : {
        "total_ios" : 0,
        "lat_ns" : {
          "min" : 0,
          "max" : 0,
          "mean" : 0.000000,
          "stddev" : 0.000000,
          "N" : 0
        }
      },
      "job_runtime" : 120000,
      "usr_cpu" : 0.433333,
      "sys_cpu" : 5.974167,
      "ctx" : 420364,
      "majf" : 0,
      "minf" : 39,
      "iodepth_level" : {
        "1" : 100.000000,
        "2" : 0.000000,
        "4" : 0.000000,
        "8" : 0.000000,
        "16" : 0.000000,
        "32" : 0.000000,
        ">=64" : 0.000000
      },
      "iodepth_submit" : {
        "0" : 0.000000,
        "4" : 100.000000,
        "8" : 0.000000,
        "16" : 0.000000,
        "32" : 0.000000,
        "64" : 0.000000,
        ">=64" : 0.000000
      },
      "iodepth_complete" : {
        "0" : 0.000000,
        "4" : 100.000000,
        "8" : 0.000000,
        "16" : 0.000000,
        "32" : 0.000000,
        "64" : 0.000000,
        ">=64" : 0.000000
      },
      "latency_ns" : {
        "2" : 0.000000,
        "4" : 0.000000,
        "10" : 0.000000,
        "20" : 0.000000,
        "50" : 0.000000,
        "100" : 0.000000,
        "250" : 0.000000,
        "500" : 0.000000,
        "750" : 0.000000,
        "1000" : 0.000000
      },
      "latency_us" : {
        "2" : 0.000000,
        "4" : 0.000000,
        "10" : 0.000000,
        "20" : 0.000000,
        "50" : 44.625746,
        "100" : 2.620636,
        "250" : 36.984841,
        "500" : 6.101257,
        "750" : 0.712967,
        "1000" : 0.966324
      },
      "latency_ms" : {
        "2" : 4.052517,
        "4" : 3.571021,
        "10" : 0.358030,
        "20" : 0.010000,
        "50" : 0.000000,
        "100" : 0.000000,
        "250" : 0.000000,
        "500" : 0.000000,
        "750" : 0.000000,
        "1000" : 0.000000,
        "2000" : 0.000000,
        ">=2000" : 0.000000
      },
      "latency_depth" : 1,
      "latency_target" : 0,
      "latency_percentile" : 100.000000,
      "latency_window" : 0
    }
  ],
  "disk_util" : [
    {
      "name" : "nvme0n1",
      "read_ios" : 209157,
      "write_ios" : 209636,
      "read_merges" : 0,
      "write_merges" : 263,
      "read_ticks" : 98092,
      "write_ticks" : 16390,
      "in_queue" : 114682,
      "util" : 92.752439
    }
  ]
}
