{
  "fio version" : "fio-3.28",
  "timestamp" : 1759639935,
  "timestamp_ms" : 1759639935635,
  "time" : "Sat Oct  4 23:52:15 2025",
  "jobs" : [
    {
      "jobname" : "randrw-t1",
      "groupid" : 0,
      "error" : 0,
      "eta" : 0,
      "elapsed" : 61,
      "job options" : {
        "name" : "randrw-t1",
        "ioengine" : "psync",
        "rw" : "randrw",
        "bs" : "64k",
        "numjobs" : "1",
        "size" : "10G",
        "iodepth" : "1",
        "runtime" : "60",
        "time_based" : "1",
        "direct" : "1",
        "filename" : "./random-rw",
        "group_reporting" : "1"
      },
      "read" : {
        "io_bytes" : 9278455808,
        "io_kbytes" : 9060992,
        "bw_bytes" : 154635775,
        "bw" : 151011,
        "iops" : 2359.554682,
        "runtime" : 60002,
        "total_ios" : 141578,
        "short_ios" : 0,
        "drop_ios" : 0,
        "slat_ns" : {
          "min" : 0,
          "max" : 0,
          "mean" : 0.000000,
          "stddev" : 0.000000,
          "N" : 0
        },
        "clat_ns" : {
          "min" : 93580,
          "max" : 15930080,
          "mean" : 369906.070124,
          "stddev" : 529329.864169,
          "N" : 141578,
          "percentile" : {
            "1.000000" : 103936,
            "5.000000" : 132096,
            "10.000000" : 152576,
            "20.000000" : 224256,
            "30.000000" : 228352,
            "40.000000" : 230400,
            "50.000000" : 234496,
            "60.000000" : 242688,
            "70.000000" : 261120,
            "80.000000" : 268288,
            "90.000000" : 305152,
            "95.000000" : 1482752,
            "99.000000" : 2801664,
            "99.500000" : 3063808,
            "99.900000" : 4145152,
            "99.950000" : 5210112,
            "99.990000" : 7176192
          }
        },
        "lat_ns" : {
          "min" : 93600,
          "max" : 15930120,
          "mean" : 369947.393733,
          "stddev" : 529335.645172,
          "N" : 141578
        },
        "bw_min" : 28032,
        "bw_max" : 254848,
        "bw_agg" : 100.000000,
        "bw_mean" : 152026.352941,
        "bw_dev" : 96042.688059,
        "bw_samples" : 119,
        "iops_min" : 438,
        "iops_max" : 3982,
        "iops_mean" : 2375.411765,
        "iops_stddev" : 1500.667001,
        "iops_samples" : 119
      },
      "write" : {
        "io_bytes" : 9293594624,
        "io_kbytes" : 9075776,
        "bw_bytes" : 154888080,
        "bw" : 151257,
        "iops" : 2363.404553,
        "runtime" : 60002,
        "total_ios" : 141809,
        "short_ios" : 0,
        "drop_ios" : 0,
        "slat_ns" : {
          "min" : 0,
          "max" : 0,
          "mean" : 0.000000,
          "stddev" : 0.000000,
          "N" : 0
        },
        "clat_ns" : {
          "min" : 24658,
          "max" : 15316708,
          "mean" : 51368.568828,
          "stddev" : 150645.838824,
          "N" : 141809,
          "percentile" : {
            "1.000000" : 25472,
            "5.000000" : 25984,
            "10.000000" : 26240,
            "20.000000" : 27264,
            "30.000000" : 29056,
            "40.000000" : 37120,
            "50.000000" : 38144,
            "60.000000" : 38656,
            "70.000000" : 39680,
            "80.000000" : 41216,
            "90.000000" : 48384,
            "95.000000" : 50944,
            "99.000000" : 716800,
            "99.500000" : 1253376,
            "99.900000" : 2088960,
            "99.950000" : 2342912,
            "99.990000" : 2670592
          }
        },
        "lat_ns" : {
          "min" : 24808,
          "max" : 15318181,
          "mean" : 52748.812128,
          "stddev" : 150630.329605,
          "N" : 141809
        },
        "bw_min" : 26752,
        "bw_max" : 273920,
        "bw_agg" : 100.000000,
        "bw_mean" : 152255.462185,
        "bw_dev" : 96524.840398,
        "bw_samples" : 119,
        "iops_min" : 418,
        "iops_max" : 4280,
        "iops_mean" : 2378.991597,
        "iops_stddev" : 1508.200631,
        "iops_samples" : 119
      },
      "trim" : {
        "io_bytes" : 0,
        "io_kbytes" : 0,
        "bw_bytes" : 0,
        "bw" : 0,
        "iops" : 0.000000,
        "runtime" : 0,
        "total_ios" : 0,
        "short_ios" : 0,
        "drop_ios" : 0,
        "slat_ns" : {
          "min" : 0,
          "max" : 0,
          "mean" : 0.000000,
          "stddev" : 0.000000,
          "N" : 0
        },
        "clat_ns" : {
          "min" : 0,
          "max" : 0,
          "mean" : 0.000000,
          "stddev" : 0.000000,
          "N" : 0
        },
        "lat_ns" : {
          "min" : 0,
          "max" : 0,
          "mean" : 0.000000,
          "stddev" : 0.000000,
          "N" : 0
        },
        "bw_min" : 0,
        "bw_max" : 0,
        "bw_agg" : 0.000000,
        "bw_mean" : 0.000000,
        "bw_dev" : 0.000000,
        "bw_samples" : 0,
        "iops_min" : 0,
        "iops_max" : 0,
        "iops_mean" : 0.000000,
        "iops_stddev" : 0.000000,
        "iops_samples" : 0
      },
      "sync" : {
        "total_ios" : 0,
        "lat_ns" : {
          "min" : 0,
          "max" : 0,
          "mean" : 0.000000,
          "stddev" : 0.000000,
          "N" : 0
        }
      },
      "job_runtime" : 60001,
      "usr_cpu" : 0.601657,
      "sys_cpu" : 8.646523,
      "ctx" : 283380,
      "majf" : 0,
      "minf" : 16,
      "iodepth_level" : {
        "1" : 100.000000,
        "2" : 0.000000,
        "4" : 0.000000,
        "8" : 0.000000,
        "16" : 0.000000,
        "32" : 0.000000,
        ">=64" : 0.000000
      },
      "iodepth_submit" : {
        "0" : 0.000000,
        "4" : 100.000000,
        "8" : 0.000000,
        "16" : 0.000000,
        "32" : 0.000000,
        "64" : 0.000000,
        ">=64" : 0.000000
      },
      "iodepth_complete" : {
        "0" : 0.000000,
        "4" : 100.000000,
        "8" : 0.000000,
        "16" : 0.000000,
        "32" : 0.000000,
        "64" : 0.000000,
        ">=64" : 0.000000
      },
      "latency_ns" : {
        "2" : 0.000000,
        "4" : 0.000000,
        "10" : 0.000000,
        "20" : 0.000000,
        "50" : 0.000000,
        "100" : 0.000000,
        "250" : 0.000000,
        "500" : 0.000000,
        "750" : 0.000000,
        "1000" : 0.000000
      },
      "latency_us" : {
        "2" : 0.000000,
        "4" : 0.000000,
        "10" : 0.000000,
        "20" : 0.000000,
        "50" : 47.188121,
        "100" : 2.200877,
        "250" : 30.938610,
        "500" : 14.890238,
        "750" : 0.300296,
        "1000" : 0.426272
      },
      "latency_ms" : {
        "2" : 2.367434,
        "4" : 1.617576,
        "10" : 0.066340,
        "20" : 0.010000,
        "50" : 0.000000,
        "100" : 0.000000,
        "250" : 0.000000,
        "500" : 0.000000,
        "750" : 0.000000,
        "1000" : 0.000000,
        "2000" : 0.000000,
        ">=2000" : 0.000000
      },
      "latency_depth" : 1,
      "latency_target" : 0,
      "latency_percentile" : 100.000000,
      "latency_window" : 0
    }
  ],
  "disk_util" : [
    {
      "name" : "nvme0n1",
      "read_ios" : 141530,
      "write_ios" : 142224,
      "read_merges" : 0,
      "write_merges" : 491,
      "read_ticks" : 50632,
      "write_ticks" : 5476,
      "in_queue" : 56269,
      "util" : 93.984724
    }
  ]
}
