{
  "fio version" : "fio-3.28",
  "timestamp" : 1759640116,
  "timestamp_ms" : 1759640116596,
  "time" : "Sat Oct  4 23:55:16 2025",
  "jobs" : [
    {
      "jobname" : "randrw-t8",
      "groupid" : 0,
      "error" : 0,
      "eta" : 0,
      "elapsed" : 61,
      "job options" : {
        "name" : "randrw-t8",
        "ioengine" : "psync",
        "rw" : "randrw",
        "bs" : "64k",
        "numjobs" : "8",
        "size" : "10G",
        "iodepth" : "1",
        "runtime" : "60",
        "time_based" : "1",
        "direct" : "1",
        "filename" : "./random-rw",
        "group_reporting" : "1"
      },
      "read" : {
        "io_bytes" : 22523215872,
        "io_kbytes" : 21995328,
        "bw_bytes" : 375361907,
        "bw" : 366564,
        "iops" : 5727.568162,
        "runtime" : 60004,
        "total_ios" : 343677,
        "short_ios" : 0,
        "drop_ios" : 0,
        "slat_ns" : {
          "min" : 0,
          "max" : 0,
          "mean" : 0.000000,
          "stddev" : 0.000000,
          "N" : 0
        },
        "clat_ns" : {
          "min" : 92969,
          "max" : 36469306,
          "mean" : 1073596.998184,
          "stddev" : 1248427.901618,
          "N" : 343677,
          "percentile" : {
            "1.000000" : 128512,
            "5.000000" : 166912,
            "10.000000" : 197632,
            "20.000000" : 242688,
            "30.000000" : 284672,
            "40.000000" : 333824,
            "50.000000" : 407552,
            "60.000000" : 634880,
            "70.000000" : 1384448,
            "80.000000" : 1957888,
            "90.000000" : 2834432,
            "95.000000" : 3620864,
            "99.000000" : 5472256,
            "99.500000" : 5931008,
            "99.900000" : 8224768,
            "99.950000" : 9371648,
            "99.990000" : 16711680
          }
        },
        "lat_ns" : {
          "min" : 92989,
          "max" : 36469356,
          "mean" : 1073659.928744,
          "stddev" : 1248443.945996,
          "N" : 343677
        },
        "bw_min" : 79488,
        "bw_max" : 1387520,
        "bw_agg" : 100.000000,
        "bw_mean" : 368229.302521,
        "bw_dev" : 37863.486972,
        "bw_samples" : 952,
        "iops_min" : 1242,
        "iops_max" : 21680,
        "iops_mean" : 5753.529412,
        "iops_stddev" : 591.618450,
        "iops_samples" : 952
      },
      "write" : {
        "io_bytes" : 22468362240,
        "io_kbytes" : 21941760,
        "bw_bytes" : 374447740,
        "bw" : 365671,
        "iops" : 5713.619092,
        "runtime" : 60004,
        "total_ios" : 342840,
        "short_ios" : 0,
        "drop_ios" : 0,
        "slat_ns" : {
          "min" : 0,
          "max" : 0,
          "mean" : 0.000000,
          "stddev" : 0.000000,
          "N" : 0
        },
        "clat_ns" : {
          "min" : 24017,
          "max" : 35925729,
          "mean" : 319548.914911,
          "stddev" : 845806.456886,
          "N" : 342840,
          "percentile" : {
            "1.000000" : 25984,
            "5.000000" : 26752,
            "10.000000" : 28032,
            "20.000000" : 31104,
            "30.000000" : 37120,
            "40.000000" : 39168,
            "50.000000" : 41728,
            "60.000000" : 45824,
            "70.000000" : 55552,
            "80.000000" : 140288,
            "90.000000" : 1269760,
            "95.000000" : 1794048,
            "99.000000" : 3620864,
            "99.500000" : 4177920,
            "99.900000" : 8093696,
            "99.950000" : 12517376,
            "99.990000" : 18219008
          }
        },
        "lat_ns" : {
          "min" : 24357,
          "max" : 35927112,
          "mean" : 321880.041620,
          "stddev" : 845977.002061,
          "N" : 342840
        },
        "bw_min" : 78208,
        "bw_max" : 1415808,
        "bw_agg" : 100.000000,
        "bw_mean" : 367307.848739,
        "bw_dev" : 37786.199641,
        "bw_samples" : 952,
        "iops_min" : 1222,
        "iops_max" : 22122,
        "iops_mean" : 5739.126050,
        "iops_stddev" : 590.411338,
        "iops_samples" : 952
      },
      "trim" : {
        "io_bytes" : 0,
        "io_kbytes" : 0,
        "bw_bytes" : 0,
        "bw" : 0,
        "iops" : 0.000000,
        "runtime" : 0,
        "total_ios" : 0,
        "short_ios" : 0,
        "drop_ios" : 0,
        "slat_ns" : {
          "min" : 0,
          "max" : 0,
          "mean" : 0.000000,
          "stddev" : 0.000000,
          "N" : 0
        },
        "clat_ns" : {
          "min" : 0,
          "max" : 0,
          "mean" : 0.000000,
          "stddev" : 0.000000,
          "N" : 0
        },
        "lat_ns" : {
          "min" : 0,
          "max" : 0,
          "mean" : 0.000000,
          "stddev" : 0.000000,
          "N" : 0
        },
        "bw_min" : 0,
        "bw_max" : 0,
        "bw_agg" : 0.000000,
        "bw_mean" : 0.000000,
        "bw_dev" : 0.000000,
        "bw_samples" : 0,
        "iops_min" : 0,
        "iops_max" : 0,
        "iops_mean" : 0.000000,
        "iops_stddev" : 0.000000,
        "iops_samples" : 0
      },
      "sync" : {
        "total_ios" : 0,
        "lat_ns" : {
          "min" : 0,
          "max" : 0,
          "mean" : 0.000000,
          "stddev" : 0.000000,
          "N" : 0
        }
      },
      "job_runtime" : 480014,
      "usr_cpu" : 0.482278,
      "sys_cpu" : 2.572008,
      "ctx" : 686685,
      "majf" : 0,
      "minf" : 169,
      "iodepth_level" : {
        "1" : 100.000000,
        "2" : 0.000000,
        "4" : 0.000000,
        "8" : 0.000000,
        "16" : 0.000000,
        "32" : 0.000000,
        ">=64" : 0.000000
      },
      "iodepth_submit" : {
        "0" : 0.000000,
        "4" : 100.000000,
        "8" : 0.000000,
        "16" : 0.000000,
        "32" : 0.000000,
        "64" : 0.000000,
        ">=64" : 0.000000
      },
      "iodepth_complete" : {
        "0" : 0.000000,
        "4" : 100.000000,
        "8" : 0.000000,
        "16" : 0.000000,
        "32" : 0.000000,
        "64" : 0.000000,
        ">=64" : 0.000000
      },
      "latency_ns" : {
        "2" : 0.000000,
        "4" : 0.000000,
        "10" : 0.000000,
        "20" : 0.000000,
        "50" : 0.000000,
        "100" : 0.000000,
        "250" : 0.000000,
        "500" : 0.000000,
        "750" : 0.000000,
        "1000" : 0.000000
      },
      "latency_us" : {
        "2" : 0.000000,
        "4" : 0.000000,
        "10" : 0.000000,
        "20" : 0.000000,
        "50" : 32.800936,
        "100" : 5.991840,
        "250" : 13.650354,
        "500" : 18.554384,
        "750" : 3.052219,
        "1000" : 2.305842
      },
      "latency_ms" : {
        "2" : 11.901089,
        "4" : 9.521250,
        "10" : 2.160908,
        "20" : 0.053604,
        "50" : 0.010000,
        "100" : 0.000000,
        "250" : 0.000000,
        "500" : 0.000000,
        "750" : 0.000000,
        "1000" : 0.000000,
        "2000" : 0.000000,
        ">=2000" : 0.000000
      },
      "latency_depth" : 1,
      "latency_target" : 0,
      "latency_percentile" : 100.000000,
      "latency_window" : 0
    }
  ],
  "disk_util" : [
    {
      "name" : "nvme0n1",
      "read_ios" : 343231,
      "write_ios" : 342953,
      "read_merges" : 0,
      "write_merges" : 349,
      "read_ticks" : 363804,
      "write_ticks" : 104932,
      "in_queue" : 469129,
      "util" : 90.337592
    }
  ]
}
