{
  "fio version" : "fio-3.28",
  "timestamp" : 1759640176,
  "timestamp_ms" : 1759640176925,
  "time" : "Sat Oct  4 23:56:16 2025",
  "jobs" : [
    {
      "jobname" : "randrw-t12",
      "groupid" : 0,
      "error" : 0,
      "eta" : 0,
      "elapsed" : 61,
      "job options" : {
        "name" : "randrw-t12",
        "ioengine" : "psync",
        "rw" : "randrw",
        "bs" : "64k",
        "numjobs" : "12",
        "size" : "10G",
        "iodepth" : "1",
        "runtime" : "60",
        "time_based" : "1",
        "direct" : "1",
        "filename" : "./random-rw",
        "group_reporting" : "1"
      },
      "read" : {
        "io_bytes" : 24936775680,
        "io_kbytes" : 24352320,
        "bw_bytes" : 415592148,
        "bw" : 405851,
        "iops" : 6341.432928,
        "runtime" : 60003,
        "total_ios" : 380505,
        "short_ios" : 0,
        "drop_ios" : 0,
        "slat_ns" : {
          "min" : 0,
          "max" : 0,
          "mean" : 0.000000,
          "stddev" : 0.000000,
          "N" : 0
        },
        "clat_ns" : {
          "min" : 92378,
          "max" : 26716643,
          "mean" : 1438195.691665,
          "stddev" : 1488232.409077,
          "N" : 380505,
          "percentile" : {
            "1.000000" : 156672,
            "5.000000" : 222208,
            "10.000000" : 268288,
            "20.000000" : 346112,
            "30.000000" : 419840,
            "40.000000" : 514048,
            "50.000000" : 716800,
            "60.000000" : 1351680,
            "70.000000" : 1892352,
            "80.000000" : 2375680,
            "90.000000" : 3260416,
            "95.000000" : 4358144,
            "99.000000" : 6782976,
            "99.500000" : 7897088,
            "99.900000" : 10289152,
            "99.950000" : 11599872,
            "99.990000" : 14745600
          }
        },
        "lat_ns" : {
          "min" : 92398,
          "max" : 26716713,
          "mean" : 1438253.431169,
          "stddev" : 1488243.512549,
          "N" : 380505
        },
        "bw_min" : 164480,
        "bw_max" : 1553280,
        "bw_agg" : 100.000000,
        "bw_mean" : 407510.697479,
        "bw_dev" : 26053.236946,
        "bw_samples" : 1428,
        "iops_min" : 2570,
        "iops_max" : 24270,
        "iops_mean" : 6367.310924,
        "iops_stddev" : 407.084094,
        "iops_samples" : 1428
      },
      "write" : {
        "io_bytes" : 24962596864,
        "io_kbytes" : 24377536,
        "bw_bytes" : 416022479,
        "bw" : 406271,
        "iops" : 6347.999267,
        "runtime" : 60003,
        "total_ios" : 380899,
        "short_ios" : 0,
        "drop_ios" : 0,
        "slat_ns" : {
          "min" : 0,
          "max" : 0,
          "mean" : 0.000000,
          "stddev" : 0.000000,
          "N" : 0
        },
        "clat_ns" : {
          "min" : 23876,
          "max" : 28670866,
          "mean" : 450384.097412,
          "stddev" : 1056005.617308,
          "N" : 380899,
          "percentile" : {
            "1.000000" : 25472,
            "5.000000" : 27008,
            "10.000000" : 29056,
            "20.000000" : 38144,
            "30.000000" : 40192,
            "40.000000" : 43264,
            "50.000000" : 49408,
            "60.000000" : 72192,
            "70.000000" : 138240,
            "80.000000" : 544768,
            "90.000000" : 1400832,
            "95.000000" : 2408448,
            "99.000000" : 4685824,
            "99.500000" : 5537792,
            "99.900000" : 11730944,
            "99.950000" : 14614528,
            "99.990000" : 20054016
          }
        },
        "lat_ns" : {
          "min" : 24196,
          "max" : 28678751,
          "mean" : 451902.160389,
          "stddev" : 1056163.625855,
          "N" : 380899
        },
        "bw_min" : 151424,
        "bw_max" : 1565952,
        "bw_agg" : 100.000000,
        "bw_mean" : 407890.126050,
        "bw_dev" : 26154.220999,
        "bw_samples" : 1428,
        "iops_min" : 2366,
        "iops_max" : 24468,
        "iops_mean" : 6373.243697,
        "iops_stddev" : 408.661597,
        "iops_samples" : 1428
      },
      "trim" : {
        "io_bytes" : 0,
        "io_kbytes" : 0,
        "bw_bytes" : 0,
        "bw" : 0,
        "iops" : 0.000000,
        "runtime" : 0,
        "total_ios" : 0,
        "short_ios" : 0,
        "drop_ios" : 0,
        "slat_ns" : {
          "min" : 0,
          "max" : 0,
          "mean" : 0.000000,
          "stddev" : 0.000000,
          "N" : 0
        },
        "clat_ns" : {
          "min" : 0,
          "max" : 0,
          "mean" : 0.000000,
          "stddev" : 0.000000,
          "N" : 0
        },
        "lat_ns" : {
          "min" : 0,
          "max" : 0,
          "mean" : 0.000000,
          "stddev" : 0.000000,
          "N" : 0
        },
        "bw_min" : 0,
        "bw_max" : 0,
        "bw_agg" : 0.000000,
        "bw_mean" : 0.000000,
        "bw_dev" : 0.000000,
        "bw_samples" : 0,
        "iops_min" : 0,
        "iops_max" : 0,
        "iops_mean" : 0.000000,
        "iops_stddev" : 0.000000,
        "iops_samples" : 0
      },
      "sync" : {
        "total_ios" : 0,
        "lat_ns" : {
          "min" : 0,
          "max" : 0,
          "mean" : 0.000000,
          "stddev" : 0.000000,
          "N" : 0
        }
      },
      "job_runtime" : 720016,
      "usr_cpu" : 0.261383,
      "sys_cpu" : 2.025372,
      "ctx" : 761520,
      "majf" : 0,
      "minf" : 223,
      "iodepth_level" : {
        "1" : 100.000000,
        "2" : 0.000000,
        "4" : 0.000000,
        "8" : 0.000000,
        "16" : 0.000000,
        "32" : 0.000000,
        ">=64" : 0.000000
      },
      "iodepth_submit" : {
        "0" : 0.000000,
        "4" : 100.000000,
        "8" : 0.000000,
        "16" : 0.000000,
        "32" : 0.000000,
        "64" : 0.000000,
        ">=64" : 0.000000
      },
      "iodepth_complete" : {
        "0" : 0.000000,
        "4" : 100.000000,
        "8" : 0.000000,
        "16" : 0.000000,
        "32" : 0.000000,
        "64" : 0.000000,
        ">=64" : 0.000000
      },
      "latency_ns" : {
        "2" : 0.000000,
        "4" : 0.000000,
        "10" : 0.000000,
        "20" : 0.000000,
        "50" : 0.000000,
        "100" : 0.000000,
        "250" : 0.000000,
        "500" : 0.000000,
        "750" : 0.000000,
        "1000" : 0.000000
      },
      "latency_us" : {
        "2" : 0.000000,
        "4" : 0.000000,
        "10" : 0.000000,
        "20" : 0.000000,
        "50" : 25.221039,
        "100" : 7.405792,
        "250" : 9.404337,
        "500" : 17.178528,
        "750" : 7.123945,
        "1000" : 3.152203
      },
      "latency_ms" : {
        "2" : 13.581620,
        "4" : 12.855199,
        "10" : 3.945212,
        "20" : 0.124244,
        "50" : 0.010000,
        "100" : 0.000000,
        "250" : 0.000000,
        "500" : 0.000000,
        "750" : 0.000000,
        "1000" : 0.000000,
        "2000" : 0.000000,
        ">=2000" : 0.000000
      },
      "latency_depth" : 1,
      "latency_target" : 0,
      "latency_percentile" : 100.000000,
      "latency_window" : 0
    }
  ],
  "disk_util" : [
    {
      "name" : "nvme0n1",
      "read_ios" : 380102,
      "write_ios" : 380796,
      "read_merges" : 0,
      "write_merges" : 245,
      "read_ticks" : 541050,
      "write_ticks" : 165360,
      "in_queue" : 706752,
      "util" : 89.961474
    }
  ]
}
