{
  "fio version" : "fio-3.28",
  "timestamp" : 1759642219,
  "timestamp_ms" : 1759642219246,
  "time" : "Sun Oct  5 00:30:19 2025",
  "jobs" : [
    {
      "jobname" : "prefill",
      "groupid" : 0,
      "error" : 0,
      "eta" : 0,
      "elapsed" : 9,
      "job options" : {
        "name" : "prefill",
        "ioengine" : "psync",
        "rw" : "write",
        "bs" : "1M",
        "numjobs" : "1",
        "size" : "10G",
        "iodepth" : "1",
        "direct" : "1",
        "filename" : "./fio_random_file",
        "time_based" : "0",
        "group_reporting" : "1"
      },
      "read" : {
        "io_bytes" : 0,
        "io_kbytes" : 0,
        "bw_bytes" : 0,
        "bw" : 0,
        "iops" : 0.000000,
        "runtime" : 0,
        "total_ios" : 0,
        "short_ios" : 0,
        "drop_ios" : 0,
        "slat_ns" : {
          "min" : 0,
          "max" : 0,
          "mean" : 0.000000,
          "stddev" : 0.000000,
          "N" : 0
        },
        "clat_ns" : {
          "min" : 0,
          "max" : 0,
          "mean" : 0.000000,
          "stddev" : 0.000000,
          "N" : 0
        },
        "lat_ns" : {
          "min" : 0,
          "max" : 0,
          "mean" : 0.000000,
          "stddev" : 0.000000,
          "N" : 0
        },
        "bw_min" : 0,
        "bw_max" : 0,
        "bw_agg" : 0.000000,
        "bw_mean" : 0.000000,
        "bw_dev" : 0.000000,
        "bw_samples" : 0,
        "iops_min" : 0,
        "iops_max" : 0,
        "iops_mean" : 0.000000,
        "iops_stddev" : 0.000000,
        "iops_samples" : 0
      },
      "write" : {
        "io_bytes" : 10737418240,
        "io_kbytes" : 10485760,
        "bw_bytes" : 1336996418,
        "bw" : 1305660,
        "iops" : 1275.059146,
        "runtime" : 8031,
        "total_ios" : 10240,
        "short_ios" : 0,
        "drop_ios" : 0,
        "slat_ns" : {
          "min" : 0,
          "max" : 0,
          "mean" : 0.000000,
          "stddev" : 0.000000,
          "N" : 0
        },
        "clat_ns" : {
          "min" : 420685,
          "max" : 169540608,
          "mean" : 750888.150293,
          "stddev" : 2446923.948749,
          "N" : 10240,
          "percentile" : {
            "1.000000" : 473088,
            "5.000000" : 505856,
            "10.000000" : 536576,
            "20.000000" : 569344,
            "30.000000" : 585728,
            "40.000000" : 602112,
            "50.000000" : 610304,
            "60.000000" : 626688,
            "70.000000" : 634880,
            "80.000000" : 659456,
            "90.000000" : 782336,
            "95.000000" : 1728512,
            "99.000000" : 2277376,
            "99.500000" : 2441216,
            "99.900000" : 14876672,
            "99.950000" : 16187392,
            "99.990000" : 154140672
          }
        },
        "lat_ns" : {
          "min" : 440949,
          "max" : 169562296,
          "mean" : 782557.894727,
          "stddev" : 2447076.404247,
          "N" : 10240
        },
        "bw_min" : 796672,
        "bw_max" : 1556480,
        "bw_agg" : 100.000000,
        "bw_mean" : 1308288.000000,
        "bw_dev" : 300743.500396,
        "bw_samples" : 16,
        "iops_min" : 778,
        "iops_max" : 1520,
        "iops_mean" : 1277.625000,
        "iops_stddev" : 293.694825,
        "iops_samples" : 16
      },
      "trim" : {
        "io_bytes" : 0,
        "io_kbytes" : 0,
        "bw_bytes" : 0,
        "bw" : 0,
        "iops" : 0.000000,
        "runtime" : 0,
        "total_ios" : 0,
        "short_ios" : 0,
        "drop_ios" : 0,
        "slat_ns" : {
          "min" : 0,
          "max" : 0,
          "mean" : 0.000000,
          "stddev" : 0.000000,
          "N" : 0
        },
        "clat_ns" : {
          "min" : 0,
          "max" : 0,
          "mean" : 0.000000,
          "stddev" : 0.000000,
          "N" : 0
        },
        "lat_ns" : {
          "min" : 0,
          "max" : 0,
          "mean" : 0.000000,
          "stddev" : 0.000000,
          "N" : 0
        },
        "bw_min" : 0,
        "bw_max" : 0,
        "bw_agg" : 0.000000,
        "bw_mean" : 0.000000,
        "bw_dev" : 0.000000,
        "bw_samples" : 0,
        "iops_min" : 0,
        "iops_max" : 0,
        "iops_mean" : 0.000000,
        "iops_stddev" : 0.000000,
        "iops_samples" : 0
      },
      "sync" : {
        "total_ios" : 0,
        "lat_ns" : {
          "min" : 0,
          "max" : 0,
          "mean" : 0.000000,
          "stddev" : 0.000000,
          "N" : 0
        }
      },
      "job_runtime" : 8030,
      "usr_cpu" : 5.504359,
      "sys_cpu" : 9.265255,
      "ctx" : 10243,
      "majf" : 1,
      "minf" : 14,
      "iodepth_level" : {
        "1" : 100.000000,
        "2" : 0.000000,
        "4" : 0.000000,
        "8" : 0.000000,
        "16" : 0.000000,
        "32" : 0.000000,
        ">=64" : 0.000000
      },
      "iodepth_submit" : {
        "0" : 0.000000,
        "4" : 100.000000,
        "8" : 0.000000,
        "16" : 0.000000,
        "32" : 0.000000,
        "64" : 0.000000,
        ">=64" : 0.000000
      },
      "iodepth_complete" : {
        "0" : 0.000000,
        "4" : 100.000000,
        "8" : 0.000000,
        "16" : 0.000000,
        "32" : 0.000000,
        "64" : 0.000000,
        ">=64" : 0.000000
      },
      "latency_ns" : {
        "2" : 0.000000,
        "4" : 0.000000,
        "10" : 0.000000,
        "20" : 0.000000,
        "50" : 0.000000,
        "100" : 0.000000,
        "250" : 0.000000,
        "500" : 0.000000,
        "750" : 0.000000,
        "1000" : 0.000000
      },
      "latency_us" : {
        "2" : 0.000000,
        "4" : 0.000000,
        "10" : 0.000000,
        "20" : 0.000000,
        "50" : 0.000000,
        "100" : 0.000000,
        "250" : 0.000000,
        "500" : 4.111328,
        "750" : 83.242188,
        "1000" : 6.533203
      },
      "latency_ms" : {
        "2" : 2.919922,
        "4" : 3.046875,
        "10" : 0.010000,
        "20" : 0.097656,
        "50" : 0.010000,
        "100" : 0.010000,
        "250" : 0.019531,
        "500" : 0.000000,
        "750" : 0.000000,
        "1000" : 0.000000,
        "2000" : 0.000000,
        ">=2000" : 0.000000
      },
      "latency_depth" : 1,
      "latency_target" : 0,
      "latency_percentile" : 100.000000,
      "latency_window" : 0
    }
  ],
  "disk_util" : [
    {
      "name" : "nvme0n1",
      "read_ios" : 0,
      "write_ios" : 40450,
      "read_merges" : 0,
      "write_merges" : 1,
      "read_ticks" : 0,
      "write_ticks" : 19383,
      "in_queue" : 19389,
      "util" : 98.873028
    }
  ]
}
