{
  "fio version" : "fio-3.28",
  "timestamp" : 1759642460,
  "timestamp_ms" : 1759642460927,
  "time" : "Sun Oct  5 00:34:20 2025",
  "jobs" : [
    {
      "jobname" : "randrw-t8",
      "groupid" : 0,
      "error" : 0,
      "eta" : 0,
      "elapsed" : 61,
      "job options" : {
        "name" : "randrw-t8",
        "ioengine" : "psync",
        "rw" : "randrw",
        "bs" : "64k",
        "numjobs" : "8",
        "size" : "10G",
        "iodepth" : "1",
        "runtime" : "60",
        "time_based" : "1",
        "direct" : "1",
        "filename" : "./fio_random_file",
        "group_reporting" : "1"
      },
      "read" : {
        "io_bytes" : 34082455552,
        "io_kbytes" : 33283648,
        "bw_bytes" : 568021991,
        "bw" : 554708,
        "iops" : 8667.327756,
        "runtime" : 60002,
        "total_ios" : 520057,
        "short_ios" : 0,
        "drop_ios" : 0,
        "slat_ns" : {
          "min" : 0,
          "max" : 0,
          "mean" : 0.000000,
          "stddev" : 0.000000,
          "N" : 0
        },
        "clat_ns" : {
          "min" : 71584,
          "max" : 101929432,
          "mean" : 822429.662308,
          "stddev" : 1310845.955385,
          "N" : 520057,
          "percentile" : {
            "1.000000" : 179200,
            "5.000000" : 220160,
            "10.000000" : 244736,
            "20.000000" : 284672,
            "30.000000" : 317440,
            "40.000000" : 362496,
            "50.000000" : 423936,
            "60.000000" : 585728,
            "70.000000" : 864256,
            "80.000000" : 1105920,
            "90.000000" : 2146304,
            "95.000000" : 3031040,
            "99.000000" : 3555328,
            "99.500000" : 3817472,
            "99.900000" : 4816896,
            "99.950000" : 6914048,
            "99.990000" : 60555264
          }
        },
        "lat_ns" : {
          "min" : 71621,
          "max" : 101929468,
          "mean" : 822543.988234,
          "stddev" : 1310836.173549,
          "N" : 520057
        },
        "bw_min" : 185600,
        "bw_max" : 755584,
        "bw_agg" : 100.000000,
        "bw_mean" : 556537.546218,
        "bw_dev" : 18752.346522,
        "bw_samples" : 952,
        "iops_min" : 2900,
        "iops_max" : 11806,
        "iops_mean" : 8695.899160,
        "iops_stddev" : 293.003792,
        "iops_samples" : 952
      },
      "write" : {
        "io_bytes" : 34041102336,
        "io_kbytes" : 33243264,
        "bw_bytes" : 567332794,
        "bw" : 554035,
        "iops" : 8656.811440,
        "runtime" : 60002,
        "total_ios" : 519426,
        "short_ios" : 0,
        "drop_ios" : 0,
        "slat_ns" : {
          "min" : 0,
          "max" : 0,
          "mean" : 0.000000,
          "stddev" : 0.000000,
          "N" : 0
        },
        "clat_ns" : {
          "min" : 37031,
          "max" : 99605047,
          "mean" : 96555.308802,
          "stddev" : 244016.832804,
          "N" : 519426,
          "percentile" : {
            "1.000000" : 39168,
            "5.000000" : 41216,
            "10.000000" : 42240,
            "20.000000" : 47360,
            "30.000000" : 56576,
            "40.000000" : 62720,
            "50.000000" : 72192,
            "60.000000" : 83456,
            "70.000000" : 98816,
            "80.000000" : 119296,
            "90.000000" : 164864,
            "95.000000" : 261120,
            "99.000000" : 440320,
            "99.500000" : 464896,
            "99.900000" : 493568,
            "99.950000" : 509952,
            "99.990000" : 3227648
          }
        },
        "lat_ns" : {
          "min" : 37526,
          "max" : 99607063,
          "mean" : 97820.989839,
          "stddev" : 244029.565625,
          "N" : 519426
        },
        "bw_min" : 182016,
        "bw_max" : 802176,
        "bw_agg" : 100.000000,
        "bw_mean" : 555853.445378,
        "bw_dev" : 19038.800152,
        "bw_samples" : 952,
        "iops_min" : 2844,
        "iops_max" : 12534,
        "iops_mean" : 8685.210084,
        "iops_stddev" : 297.481535,
        "iops_samples" : 952
      },
      "trim" : {
        "io_bytes" : 0,
        "io_kbytes" : 0,
        "bw_bytes" : 0,
        "bw" : 0,
        "iops" : 0.000000,
        "runtime" : 0,
        "total_ios" : 0,
        "short_ios" : 0,
        "drop_ios" : 0,
        "slat_ns" : {
          "min" : 0,
          "max" : 0,
          "mean" : 0.000000,
          "stddev" : 0.000000,
          "N" : 0
        },
        "clat_ns" : {
          "min" : 0,
          "max" : 0,
          "mean" : 0.000000,
          "stddev" : 0.000000,
          "N" : 0
        },
        "lat_ns" : {
          "min" : 0,
          "max" : 0,
          "mean" : 0.000000,
          "stddev" : 0.000000,
          "N" : 0
        },
        "bw_min" : 0,
        "bw_max" : 0,
        "bw_agg" : 0.000000,
        "bw_mean" : 0.000000,
        "bw_dev" : 0.000000,
        "bw_samples" : 0,
        "iops_min" : 0,
        "iops_max" : 0,
        "iops_mean" : 0.000000,
        "iops_stddev" : 0.000000,
        "iops_samples" : 0
      },
      "sync" : {
        "total_ios" : 0,
        "lat_ns" : {
          "min" : 0,
          "max" : 0,
          "mean" : 0.000000,
          "stddev" : 0.000000,
          "N" : 0
        }
      },
      "job_runtime" : 480008,
      "usr_cpu" : 0.911651,
      "sys_cpu" : 3.374319,
      "ctx" : 1040840,
      "majf" : 0,
      "minf" : 148,
      "iodepth_level" : {
        "1" : 100.000000,
        "2" : 0.000000,
        "4" : 0.000000,
        "8" : 0.000000,
        "16" : 0.000000,
        "32" : 0.000000,
        ">=64" : 0.000000
      },
      "iodepth_submit" : {
        "0" : 0.000000,
        "4" : 100.000000,
        "8" : 0.000000,
        "16" : 0.000000,
        "32" : 0.000000,
        "64" : 0.000000,
        ">=64" : 0.000000
      },
      "iodepth_complete" : {
        "0" : 0.000000,
        "4" : 100.000000,
        "8" : 0.000000,
        "16" : 0.000000,
        "32" : 0.000000,
        "64" : 0.000000,
        ">=64" : 0.000000
      },
      "latency_ns" : {
        "2" : 0.000000,
        "4" : 0.000000,
        "10" : 0.000000,
        "20" : 0.000000,
        "50" : 0.000000,
        "100" : 0.000000,
        "250" : 0.000000,
        "500" : 0.000000,
        "750" : 0.000000,
        "1000" : 0.000000
      },
      "latency_us" : {
        "2" : 0.000000,
        "4" : 0.000000,
        "10" : 0.000000,
        "20" : 0.000000,
        "50" : 11.840405,
        "100" : 23.632229,
        "250" : 17.175846,
        "500" : 25.671704,
        "750" : 3.968800,
        "1000" : 6.369224
      },
      "latency_ms" : {
        "2" : 6.278891,
        "4" : 4.905516,
        "10" : 0.130930,
        "20" : 0.010000,
        "50" : 0.010775,
        "100" : 0.010000,
        "250" : 0.010000,
        "500" : 0.000000,
        "750" : 0.000000,
        "1000" : 0.000000,
        "2000" : 0.000000,
        ">=2000" : 0.000000
      },
      "latency_depth" : 1,
      "latency_target" : 0,
      "latency_percentile" : 100.000000,
      "latency_window" : 0
    }
  ],
  "disk_util" : [
    {
      "name" : "nvme0n1",
      "read_ios" : 519471,
      "write_ios" : 518835,
      "read_merges" : 2,
      "write_merges" : 5,
      "read_ticks" : 417526,
      "write_ticks" : 44182,
      "in_queue" : 461734,
      "util" : 99.956607
    }
  ]
}
