{
  "fio version" : "fio-3.28",
  "timestamp" : 1759642340,
  "timestamp_ms" : 1759642340033,
  "time" : "Sun Oct  5 00:32:20 2025",
  "jobs" : [
    {
      "jobname" : "randrw-t2",
      "groupid" : 0,
      "error" : 0,
      "eta" : 0,
      "elapsed" : 61,
      "job options" : {
        "name" : "randrw-t2",
        "ioengine" : "psync",
        "rw" : "randrw",
        "bs" : "64k",
        "numjobs" : "2",
        "size" : "10G",
        "iodepth" : "1",
        "runtime" : "60",
        "time_based" : "1",
        "direct" : "1",
        "filename" : "./fio_random_file",
        "group_reporting" : "1"
      },
      "read" : {
        "io_bytes" : 20639121408,
        "io_kbytes" : 20155392,
        "bw_bytes" : 343979623,
        "bw" : 335917,
        "iops" : 5248.712521,
        "runtime" : 60001,
        "total_ios" : 314928,
        "short_ios" : 0,
        "drop_ios" : 0,
        "slat_ns" : {
          "min" : 0,
          "max" : 0,
          "mean" : 0.000000,
          "stddev" : 0.000000,
          "N" : 0
        },
        "clat_ns" : {
          "min" : 56601,
          "max" : 28979268,
          "mean" : 319284.586855,
          "stddev" : 504992.478966,
          "N" : 314928,
          "percentile" : {
            "1.000000" : 132096,
            "5.000000" : 136192,
            "10.000000" : 140288,
            "20.000000" : 156672,
            "30.000000" : 162816,
            "40.000000" : 177152,
            "50.000000" : 195584,
            "60.000000" : 205824,
            "70.000000" : 220160,
            "80.000000" : 240640,
            "90.000000" : 317440,
            "95.000000" : 1056768,
            "99.000000" : 2736128,
            "99.500000" : 2834432,
            "99.900000" : 3063808,
            "99.950000" : 3162112,
            "99.990000" : 3424256
          }
        },
        "lat_ns" : {
          "min" : 56654,
          "max" : 28979310,
          "mean" : 319388.466354,
          "stddev" : 504991.315313,
          "N" : 314928
        },
        "bw_min" : 262272,
        "bw_max" : 353536,
        "bw_agg" : 100.000000,
        "bw_mean" : 336301.176471,
        "bw_dev" : 5300.269850,
        "bw_samples" : 238,
        "iops_min" : 4098,
        "iops_max" : 5524,
        "iops_mean" : 5254.705882,
        "iops_stddev" : 82.816716,
        "iops_samples" : 238
      },
      "write" : {
        "io_bytes" : 20681654272,
        "io_kbytes" : 20196928,
        "bw_bytes" : 344688493,
        "bw" : 336609,
        "iops" : 5259.529008,
        "runtime" : 60001,
        "total_ios" : 315577,
        "short_ios" : 0,
        "drop_ios" : 0,
        "slat_ns" : {
          "min" : 0,
          "max" : 0,
          "mean" : 0.000000,
          "stddev" : 0.000000,
          "N" : 0
        },
        "clat_ns" : {
          "min" : 36266,
          "max" : 26851290,
          "mean" : 57982.934273,
          "stddev" : 96240.831664,
          "N" : 315577,
          "percentile" : {
            "1.000000" : 37120,
            "5.000000" : 37632,
            "10.000000" : 38144,
            "20.000000" : 38656,
            "30.000000" : 39168,
            "40.000000" : 40192,
            "50.000000" : 43264,
            "60.000000" : 48384,
            "70.000000" : 58112,
            "80.000000" : 63232,
            "90.000000" : 69120,
            "95.000000" : 84480,
            "99.000000" : 395264,
            "99.500000" : 407552,
            "99.900000" : 423936,
            "99.950000" : 432128,
            "99.990000" : 448512
          }
        },
        "lat_ns" : {
          "min" : 36898,
          "max" : 26852394,
          "mean" : 59246.985826,
          "stddev" : 96301.471846,
          "N" : 315577
        },
        "bw_min" : 267648,
        "bw_max" : 366336,
        "bw_agg" : 100.000000,
        "bw_mean" : 337008.941176,
        "bw_dev" : 6335.522623,
        "bw_samples" : 238,
        "iops_min" : 4182,
        "iops_max" : 5724,
        "iops_mean" : 5265.764706,
        "iops_stddev" : 98.992541,
        "iops_samples" : 238
      },
      "trim" : {
        "io_bytes" : 0,
        "io_kbytes" : 0,
        "bw_bytes" : 0,
        "bw" : 0,
        "iops" : 0.000000,
        "runtime" : 0,
        "total_ios" : 0,
        "short_ios" : 0,
        "drop_ios" : 0,
        "slat_ns" : {
          "min" : 0,
          "max" : 0,
          "mean" : 0.000000,
          "stddev" : 0.000000,
          "N" : 0
        },
        "clat_ns" : {
          "min" : 0,
          "max" : 0,
          "mean" : 0.000000,
          "stddev" : 0.000000,
          "N" : 0
        },
        "lat_ns" : {
          "min" : 0,
          "max" : 0,
          "mean" : 0.000000,
          "stddev" : 0.000000,
          "N" : 0
        },
        "bw_min" : 0,
        "bw_max" : 0,
        "bw_agg" : 0.000000,
        "bw_mean" : 0.000000,
        "bw_dev" : 0.000000,
        "bw_samples" : 0,
        "iops_min" : 0,
        "iops_max" : 0,
        "iops_mean" : 0.000000,
        "iops_stddev" : 0.000000,
        "iops_samples" : 0
      },
      "sync" : {
        "total_ios" : 0,
        "lat_ns" : {
          "min" : 0,
          "max" : 0,
          "mean" : 0.000000,
          "stddev" : 0.000000,
          "N" : 0
        }
      },
      "job_runtime" : 120000,
      "usr_cpu" : 1.960000,
      "sys_cpu" : 7.364167,
      "ctx" : 630811,
      "majf" : 0,
      "minf" : 32,
      "iodepth_level" : {
        "1" : 100.000000,
        "2" : 0.000000,
        "4" : 0.000000,
        "8" : 0.000000,
        "16" : 0.000000,
        "32" : 0.000000,
        ">=64" : 0.000000
      },
      "iodepth_submit" : {
        "0" : 0.000000,
        "4" : 100.000000,
        "8" : 0.000000,
        "16" : 0.000000,
        "32" : 0.000000,
        "64" : 0.000000,
        ">=64" : 0.000000
      },
      "iodepth_complete" : {
        "0" : 0.000000,
        "4" : 100.000000,
        "8" : 0.000000,
        "16" : 0.000000,
        "32" : 0.000000,
        "64" : 0.000000,
        ">=64" : 0.000000
      },
      "latency_ns" : {
        "2" : 0.000000,
        "4" : 0.000000,
        "10" : 0.000000,
        "20" : 0.000000,
        "50" : 0.000000,
        "100" : 0.000000,
        "250" : 0.000000,
        "500" : 0.000000,
        "750" : 0.000000,
        "1000" : 0.000000
      },
      "latency_us" : {
        "2" : 0.000000,
        "4" : 0.000000,
        "10" : 0.000000,
        "20" : 0.000000,
        "50" : 31.525682,
        "100" : 16.566403,
        "250" : 42.151133,
        "500" : 5.586633,
        "750" : 0.472637,
        "1000" : 0.990634
      },
      "latency_ms" : {
        "2" : 0.813634,
        "4" : 1.888169,
        "10" : 0.010000,
        "20" : 0.010000,
        "50" : 0.010000,
        "100" : 0.000000,
        "250" : 0.000000,
        "500" : 0.000000,
        "750" : 0.000000,
        "1000" : 0.000000,
        "2000" : 0.000000,
        ">=2000" : 0.000000
      },
      "latency_depth" : 1,
      "latency_target" : 0,
      "latency_percentile" : 100.000000,
      "latency_window" : 0
    }
  ],
  "disk_util" : [
    {
      "name" : "nvme0n1",
      "read_ios" : 314363,
      "write_ios" : 315045,
      "read_merges" : 0,
      "write_merges" : 3,
      "read_ticks" : 96387,
      "write_ticks" : 15110,
      "in_queue" : 111520,
      "util" : 99.971629
    }
  ]
}
