{
  "fio version" : "fio-3.28",
  "timestamp" : 1759642400,
  "timestamp_ms" : 1759642400482,
  "time" : "Sun Oct  5 00:33:20 2025",
  "jobs" : [
    {
      "jobname" : "randrw-t4",
      "groupid" : 0,
      "error" : 0,
      "eta" : 0,
      "elapsed" : 61,
      "job options" : {
        "name" : "randrw-t4",
        "ioengine" : "psync",
        "rw" : "randrw",
        "bs" : "64k",
        "numjobs" : "4",
        "size" : "10G",
        "iodepth" : "1",
        "runtime" : "60",
        "time_based" : "1",
        "direct" : "1",
        "filename" : "./fio_random_file",
        "group_reporting" : "1"
      },
      "read" : {
        "io_bytes" : 28947447808,
        "io_kbytes" : 28268992,
        "bw_bytes" : 482433341,
        "bw" : 471126,
        "iops" : 7361.348599,
        "runtime" : 60003,
        "total_ios" : 441703,
        "short_ios" : 0,
        "drop_ios" : 0,
        "slat_ns" : {
          "min" : 0,
          "max" : 0,
          "mean" : 0.000000,
          "stddev" : 0.000000,
          "N" : 0
        },
        "clat_ns" : {
          "min" : 81270,
          "max" : 183149374,
          "mean" : 471387.349404,
          "stddev" : 1157446.334985,
          "N" : 441703,
          "percentile" : {
            "1.000000" : 136192,
            "5.000000" : 148480,
            "10.000000" : 160768,
            "20.000000" : 183296,
            "30.000000" : 205824,
            "40.000000" : 222208,
            "50.000000" : 244736,
            "60.000000" : 272384,
            "70.000000" : 313344,
            "80.000000" : 452608,
            "90.000000" : 831488,
            "95.000000" : 1613824,
            "99.000000" : 3293184,
            "99.500000" : 4554752,
            "99.900000" : 8224768,
            "99.950000" : 8847360,
            "99.990000" : 30539776
          }
        },
        "lat_ns" : {
          "min" : 81308,
          "max" : 183149614,
          "mean" : 471469.150436,
          "stddev" : 1157443.320144,
          "N" : 441703
        },
        "bw_min" : 78848,
        "bw_max" : 648448,
        "bw_agg" : 100.000000,
        "bw_mean" : 471847.957983,
        "bw_dev" : 33876.622949,
        "bw_samples" : 476,
        "iops_min" : 1232,
        "iops_max" : 10132,
        "iops_mean" : 7372.621849,
        "iops_stddev" : 529.323279,
        "iops_samples" : 476
      },
      "write" : {
        "io_bytes" : 28972417024,
        "io_kbytes" : 28293376,
        "bw_bytes" : 482849474,
        "bw" : 471532,
        "iops" : 7367.698282,
        "runtime" : 60003,
        "total_ios" : 442084,
        "short_ios" : 0,
        "drop_ios" : 0,
        "slat_ns" : {
          "min" : 0,
          "max" : 0,
          "mean" : 0.000000,
          "stddev" : 0.000000,
          "N" : 0
        },
        "clat_ns" : {
          "min" : 36701,
          "max" : 89336472,
          "mean" : 68280.250756,
          "stddev" : 240032.929213,
          "N" : 442084,
          "percentile" : {
            "1.000000" : 38144,
            "5.000000" : 38656,
            "10.000000" : 39680,
            "20.000000" : 40704,
            "30.000000" : 42240,
            "40.000000" : 45824,
            "50.000000" : 51456,
            "60.000000" : 59648,
            "70.000000" : 64768,
            "80.000000" : 71168,
            "90.000000" : 88576,
            "95.000000" : 187392,
            "99.000000" : 301056,
            "99.500000" : 423936,
            "99.900000" : 448512,
            "99.950000" : 460800,
            "99.990000" : 3588096
          }
        },
        "lat_ns" : {
          "min" : 37686,
          "max" : 89339701,
          "mean" : 69566.037678,
          "stddev" : 240056.316387,
          "N" : 442084
        },
        "bw_min" : 79232,
        "bw_max" : 663296,
        "bw_agg" : 100.000000,
        "bw_mean" : 472182.218487,
        "bw_dev" : 33841.095566,
        "bw_samples" : 476,
        "iops_min" : 1238,
        "iops_max" : 10364,
        "iops_mean" : 7377.823529,
        "iops_stddev" : 528.775912,
        "iops_samples" : 476
      },
      "trim" : {
        "io_bytes" : 0,
        "io_kbytes" : 0,
        "bw_bytes" : 0,
        "bw" : 0,
        "iops" : 0.000000,
        "runtime" : 0,
        "total_ios" : 0,
        "short_ios" : 0,
        "drop_ios" : 0,
        "slat_ns" : {
          "min" : 0,
          "max" : 0,
          "mean" : 0.000000,
          "stddev" : 0.000000,
          "N" : 0
        },
        "clat_ns" : {
          "min" : 0,
          "max" : 0,
          "mean" : 0.000000,
          "stddev" : 0.000000,
          "N" : 0
        },
        "lat_ns" : {
          "min" : 0,
          "max" : 0,
          "mean" : 0.000000,
          "stddev" : 0.000000,
          "N" : 0
        },
        "bw_min" : 0,
        "bw_max" : 0,
        "bw_agg" : 0.000000,
        "bw_mean" : 0.000000,
        "bw_dev" : 0.000000,
        "bw_samples" : 0,
        "iops_min" : 0,
        "iops_max" : 0,
        "iops_mean" : 0.000000,
        "iops_stddev" : 0.000000,
        "iops_samples" : 0
      },
      "sync" : {
        "total_ios" : 0,
        "lat_ns" : {
          "min" : 0,
          "max" : 0,
          "mean" : 0.000000,
          "stddev" : 0.000000,
          "N" : 0
        }
      },
      "job_runtime" : 240008,
      "usr_cpu" : 1.359538,
      "sys_cpu" : 4.968584,
      "ctx" : 884447,
      "majf" : 0,
      "minf" : 67,
      "iodepth_level" : {
        "1" : 100.000000,
        "2" : 0.000000,
        "4" : 0.000000,
        "8" : 0.000000,
        "16" : 0.000000,
        "32" : 0.000000,
        ">=64" : 0.000000
      },
      "iodepth_submit" : {
        "0" : 0.000000,
        "4" : 100.000000,
        "8" : 0.000000,
        "16" : 0.000000,
        "32" : 0.000000,
        "64" : 0.000000,
        ">=64" : 0.000000
      },
      "iodepth_complete" : {
        "0" : 0.000000,
        "4" : 100.000000,
        "8" : 0.000000,
        "16" : 0.000000,
        "32" : 0.000000,
        "64" : 0.000000,
        ">=64" : 0.000000
      },
      "latency_ns" : {
        "2" : 0.000000,
        "4" : 0.000000,
        "10" : 0.000000,
        "20" : 0.000000,
        "50" : 0.000000,
        "100" : 0.000000,
        "250" : 0.000000,
        "500" : 0.000000,
        "750" : 0.000000,
        "1000" : 0.000000
      },
      "latency_us" : {
        "2" : 0.000000,
        "4" : 0.000000,
        "10" : 0.000000,
        "20" : 0.000000,
        "50" : 23.664412,
        "100" : 22.865012,
        "250" : 28.531422,
        "500" : 15.411971,
        "750" : 3.180857,
        "1000" : 2.641813
      },
      "latency_ms" : {
        "2" : 1.270216,
        "4" : 2.089078,
        "10" : 0.330849,
        "20" : 0.010000,
        "50" : 0.010000,
        "100" : 0.010000,
        "250" : 0.010000,
        "500" : 0.000000,
        "750" : 0.000000,
        "1000" : 0.000000,
        "2000" : 0.000000,
        ">=2000" : 0.000000
      },
      "latency_depth" : 1,
      "latency_target" : 0,
      "latency_percentile" : 100.000000,
      "latency_window" : 0
    }
  ],
  "disk_util" : [
    {
      "name" : "nvme0n1",
      "read_ios" : 441252,
      "write_ios" : 441693,
      "read_merges" : 2,
      "write_merges" : 3,
      "read_ticks" : 201969,
      "write_ticks" : 25796,
      "in_queue" : 227924,
      "util" : 99.968291
    }
  ]
}
