{
  "fio version" : "fio-3.28",
  "timestamp" : 1759642279,
  "timestamp_ms" : 1759642279579,
  "time" : "Sun Oct  5 00:31:19 2025",
  "jobs" : [
    {
      "jobname" : "randrw-t1",
      "groupid" : 0,
      "error" : 0,
      "eta" : 0,
      "elapsed" : 61,
      "job options" : {
        "name" : "randrw-t1",
        "ioengine" : "psync",
        "rw" : "randrw",
        "bs" : "64k",
        "numjobs" : "1",
        "size" : "10G",
        "iodepth" : "1",
        "runtime" : "60",
        "time_based" : "1",
        "direct" : "1",
        "filename" : "./fio_random_file",
        "group_reporting" : "1"
      },
      "read" : {
        "io_bytes" : 14107344896,
        "io_kbytes" : 13776704,
        "bw_bytes" : 235118496,
        "bw" : 229607,
        "iops" : 3587.623540,
        "runtime" : 60001,
        "total_ios" : 215261,
        "short_ios" : 0,
        "drop_ios" : 0,
        "slat_ns" : {
          "min" : 0,
          "max" : 0,
          "mean" : 0.000000,
          "stddev" : 0.000000,
          "N" : 0
        },
        "clat_ns" : {
          "min" : 123982,
          "max" : 25627352,
          "mean" : 219582.892735,
          "stddev" : 346554.061910,
          "N" : 215261,
          "percentile" : {
            "1.000000" : 128512,
            "5.000000" : 130560,
            "10.000000" : 132096,
            "20.000000" : 134144,
            "30.000000" : 136192,
            "40.000000" : 148480,
            "50.000000" : 156672,
            "60.000000" : 160768,
            "70.000000" : 168960,
            "80.000000" : 197632,
            "90.000000" : 222208,
            "95.000000" : 236544,
            "99.000000" : 2342912,
            "99.500000" : 2572288,
            "99.900000" : 2867200,
            "99.950000" : 2965504,
            "99.990000" : 3227648
          }
        },
        "lat_ns" : {
          "min" : 124021,
          "max" : 25627426,
          "mean" : 219675.491241,
          "stddev" : 346555.039883,
          "N" : 215261
        },
        "bw_min" : 86400,
        "bw_max" : 251776,
        "bw_agg" : 100.000000,
        "bw_mean" : 229968.705882,
        "bw_dev" : 17568.560414,
        "bw_samples" : 119,
        "iops_min" : 1350,
        "iops_max" : 3934,
        "iops_mean" : 3593.260504,
        "iops_stddev" : 274.509963,
        "iops_samples" : 119
      },
      "write" : {
        "io_bytes" : 14103347200,
        "io_kbytes" : 13772800,
        "bw_bytes" : 235051869,
        "bw" : 229542,
        "iops" : 3586.606890,
        "runtime" : 60001,
        "total_ios" : 215200,
        "short_ios" : 0,
        "drop_ios" : 0,
        "slat_ns" : {
          "min" : 0,
          "max" : 0,
          "mean" : 0.000000,
          "stddev" : 0.000000,
          "N" : 0
        },
        "clat_ns" : {
          "min" : 36413,
          "max" : 394195944,
          "mean" : 55127.032742,
          "stddev" : 855955.400524,
          "N" : 215200,
          "percentile" : {
            "1.000000" : 37632,
            "5.000000" : 37632,
            "10.000000" : 38144,
            "20.000000" : 38144,
            "30.000000" : 38656,
            "40.000000" : 39168,
            "50.000000" : 40192,
            "60.000000" : 45312,
            "70.000000" : 60160,
            "80.000000" : 62720,
            "90.000000" : 65280,
            "95.000000" : 72192,
            "99.000000" : 337920,
            "99.500000" : 358400,
            "99.900000" : 374784,
            "99.950000" : 378880,
            "99.990000" : 387072
          }
        },
        "lat_ns" : {
          "min" : 37380,
          "max" : 394198902,
          "mean" : 56628.605112,
          "stddev" : 855965.928879,
          "N" : 215200
        },
        "bw_min" : 86656,
        "bw_max" : 254848,
        "bw_agg" : 100.000000,
        "bw_mean" : 229848.067227,
        "bw_dev" : 17836.286533,
        "bw_samples" : 119,
        "iops_min" : 1354,
        "iops_max" : 3982,
        "iops_mean" : 3591.369748,
        "iops_stddev" : 278.702650,
        "iops_samples" : 119
      },
      "trim" : {
        "io_bytes" : 0,
        "io_kbytes" : 0,
        "bw_bytes" : 0,
        "bw" : 0,
        "iops" : 0.000000,
        "runtime" : 0,
        "total_ios" : 0,
        "short_ios" : 0,
        "drop_ios" : 0,
        "slat_ns" : {
          "min" : 0,
          "max" : 0,
          "mean" : 0.000000,
          "stddev" : 0.000000,
          "N" : 0
        },
        "clat_ns" : {
          "min" : 0,
          "max" : 0,
          "mean" : 0.000000,
          "stddev" : 0.000000,
          "N" : 0
        },
        "lat_ns" : {
          "min" : 0,
          "max" : 0,
          "mean" : 0.000000,
          "stddev" : 0.000000,
          "N" : 0
        },
        "bw_min" : 0,
        "bw_max" : 0,
        "bw_agg" : 0.000000,
        "bw_mean" : 0.000000,
        "bw_dev" : 0.000000,
        "bw_samples" : 0,
        "iops_min" : 0,
        "iops_max" : 0,
        "iops_mean" : 0.000000,
        "iops_stddev" : 0.000000,
        "iops_samples" : 0
      },
      "sync" : {
        "total_ios" : 0,
        "lat_ns" : {
          "min" : 0,
          "max" : 0,
          "mean" : 0.000000,
          "stddev" : 0.000000,
          "N" : 0
        }
      },
      "job_runtime" : 60000,
      "usr_cpu" : 3.195000,
      "sys_cpu" : 10.306667,
      "ctx" : 430465,
      "majf" : 0,
      "minf" : 18,
      "iodepth_level" : {
        "1" : 100.000000,
        "2" : 0.000000,
        "4" : 0.000000,
        "8" : 0.000000,
        "16" : 0.000000,
        "32" : 0.000000,
        ">=64" : 0.000000
      },
      "iodepth_submit" : {
        "0" : 0.000000,
        "4" : 100.000000,
        "8" : 0.000000,
        "16" : 0.000000,
        "32" : 0.000000,
        "64" : 0.000000,
        ">=64" : 0.000000
      },
      "iodepth_complete" : {
        "0" : 0.000000,
        "4" : 100.000000,
        "8" : 0.000000,
        "16" : 0.000000,
        "32" : 0.000000,
        "64" : 0.000000,
        ">=64" : 0.000000
      },
      "latency_ns" : {
        "2" : 0.000000,
        "4" : 0.000000,
        "10" : 0.000000,
        "20" : 0.000000,
        "50" : 0.000000,
        "100" : 0.000000,
        "250" : 0.000000,
        "500" : 0.000000,
        "750" : 0.000000,
        "1000" : 0.000000
      },
      "latency_us" : {
        "2" : 0.000000,
        "4" : 0.000000,
        "10" : 0.000000,
        "20" : 0.000000,
        "50" : 31.225128,
        "100" : 17.577202,
        "250" : 48.402062,
        "500" : 0.752449,
        "750" : 0.356594,
        "1000" : 0.519211
      },
      "latency_ms" : {
        "2" : 0.307577,
        "4" : 0.856059,
        "10" : 0.010000,
        "20" : 0.010000,
        "50" : 0.010000,
        "100" : 0.000000,
        "250" : 0.000000,
        "500" : 0.010000,
        "750" : 0.000000,
        "1000" : 0.000000,
        "2000" : 0.000000,
        ">=2000" : 0.000000
      },
      "latency_depth" : 1,
      "latency_target" : 0,
      "latency_percentile" : 100.000000,
      "latency_window" : 0
    }
  ],
  "disk_util" : [
    {
      "name" : "nvme0n1",
      "read_ios" : 214886,
      "write_ios" : 214861,
      "read_merges" : 1,
      "write_merges" : 3,
      "read_ticks" : 44341,
      "write_ticks" : 13270,
      "in_queue" : 57964,
      "util" : 99.871497
    }
  ]
}
