{
  "fio version" : "fio-3.28",
  "timestamp" : 1759642763,
  "timestamp_ms" : 1759642763206,
  "time" : "Sun Oct  5 00:39:23 2025",
  "jobs" : [
    {
      "jobname" : "randrw-t28",
      "groupid" : 0,
      "error" : 0,
      "eta" : 0,
      "elapsed" : 61,
      "job options" : {
        "name" : "randrw-t28",
        "ioengine" : "psync",
        "rw" : "randrw",
        "bs" : "64k",
        "numjobs" : "28",
        "size" : "10G",
        "iodepth" : "1",
        "runtime" : "60",
        "time_based" : "1",
        "direct" : "1",
        "filename" : "./fio_random_file",
        "group_reporting" : "1"
      },
      "read" : {
        "io_bytes" : 34915352576,
        "io_kbytes" : 34097024,
        "bw_bytes" : 581893448,
        "bw" : 568255,
        "iops" : 8878.989384,
        "runtime" : 60003,
        "total_ios" : 532766,
        "short_ios" : 0,
        "drop_ios" : 0,
        "slat_ns" : {
          "min" : 0,
          "max" : 0,
          "mean" : 0.000000,
          "stddev" : 0.000000,
          "N" : 0
        },
        "clat_ns" : {
          "min" : 395676,
          "max" : 119741690,
          "mean" : 2979779.501599,
          "stddev" : 2598273.817755,
          "N" : 532766,
          "percentile" : {
            "1.000000" : 905216,
            "5.000000" : 1073152,
            "10.000000" : 1531904,
            "20.000000" : 1794048,
            "30.000000" : 2039808,
            "40.000000" : 2244608,
            "50.000000" : 2441216,
            "60.000000" : 2801664,
            "70.000000" : 3620864,
            "80.000000" : 4046848,
            "90.000000" : 4751360,
            "95.000000" : 5275648,
            "99.000000" : 7503872,
            "99.500000" : 7831552,
            "99.900000" : 21626880,
            "99.950000" : 47972352,
            "99.990000" : 116916224
          }
        },
        "lat_ns" : {
          "min" : 395777,
          "max" : 119742009,
          "mean" : 2980019.491799,
          "stddev" : 2598278.197798,
          "N" : 532766
        },
        "bw_min" : 261120,
        "bw_max" : 808320,
        "bw_agg" : 100.000000,
        "bw_mean" : 569718.319328,
        "bw_dev" : 5635.496020,
        "bw_samples" : 3332,
        "iops_min" : 4080,
        "iops_max" : 12630,
        "iops_mean" : 8901.831933,
        "iops_stddev" : 88.053808,
        "iops_samples" : 3332
      },
      "write" : {
        "io_bytes" : 34957754368,
        "io_kbytes" : 34138432,
        "bw_bytes" : 582600109,
        "bw" : 568945,
        "iops" : 8889.772178,
        "runtime" : 60003,
        "total_ios" : 533413,
        "short_ios" : 0,
        "drop_ios" : 0,
        "slat_ns" : {
          "min" : 0,
          "max" : 0,
          "mean" : 0.000000,
          "stddev" : 0.000000,
          "N" : 0
        },
        "clat_ns" : {
          "min" : 36542,
          "max" : 24773335,
          "mean" : 166638.928108,
          "stddev" : 269023.838658,
          "N" : 533413,
          "percentile" : {
            "1.000000" : 41728,
            "5.000000" : 46336,
            "10.000000" : 55040,
            "20.000000" : 67072,
            "30.000000" : 82432,
            "40.000000" : 97792,
            "50.000000" : 121344,
            "60.000000" : 140288,
            "70.000000" : 175104,
            "80.000000" : 226304,
            "90.000000" : 346112,
            "95.000000" : 407552,
            "99.000000" : 733184,
            "99.500000" : 798720,
            "99.900000" : 1011712,
            "99.950000" : 1613824,
            "99.990000" : 14483456
          }
        },
        "lat_ns" : {
          "min" : 37257,
          "max" : 24776079,
          "mean" : 168303.310021,
          "stddev" : 269048.106182,
          "N" : 533413
        },
        "bw_min" : 231808,
        "bw_max" : 911744,
        "bw_agg" : 100.000000,
        "bw_mean" : 570557.310924,
        "bw_dev" : 5967.466576,
        "bw_samples" : 3332,
        "iops_min" : 3622,
        "iops_max" : 14246,
        "iops_mean" : 8914.957983,
        "iops_stddev" : 93.241665,
        "iops_samples" : 3332
      },
      "trim" : {
        "io_bytes" : 0,
        "io_kbytes" : 0,
        "bw_bytes" : 0,
        "bw" : 0,
        "iops" : 0.000000,
        "runtime" : 0,
        "total_ios" : 0,
        "short_ios" : 0,
        "drop_ios" : 0,
        "slat_ns" : {
          "min" : 0,
          "max" : 0,
          "mean" : 0.000000,
          "stddev" : 0.000000,
          "N" : 0
        },
        "clat_ns" : {
          "min" : 0,
          "max" : 0,
          "mean" : 0.000000,
          "stddev" : 0.000000,
          "N" : 0
        },
        "lat_ns" : {
          "min" : 0,
          "max" : 0,
          "mean" : 0.000000,
          "stddev" : 0.000000,
          "N" : 0
        },
        "bw_min" : 0,
        "bw_max" : 0,
        "bw_agg" : 0.000000,
        "bw_mean" : 0.000000,
        "bw_dev" : 0.000000,
        "bw_samples" : 0,
        "iops_min" : 0,
        "iops_max" : 0,
        "iops_mean" : 0.000000,
        "iops_stddev" : 0.000000,
        "iops_samples" : 0
      },
      "sync" : {
        "total_ios" : 0,
        "lat_ns" : {
          "min" : 0,
          "max" : 0,
          "mean" : 0.000000,
          "stddev" : 0.000000,
          "N" : 0
        }
      },
      "job_runtime" : 1680008,
      "usr_cpu" : 0.417498,
      "sys_cpu" : 1.493683,
      "ctx" : 1069139,
      "majf" : 0,
      "minf" : 532,
      "iodepth_level" : {
        "1" : 100.000000,
        "2" : 0.000000,
        "4" : 0.000000,
        "8" : 0.000000,
        "16" : 0.000000,
        "32" : 0.000000,
        ">=64" : 0.000000
      },
      "iodepth_submit" : {
        "0" : 0.000000,
        "4" : 100.000000,
        "8" : 0.000000,
        "16" : 0.000000,
        "32" : 0.000000,
        "64" : 0.000000,
        ">=64" : 0.000000
      },
      "iodepth_complete" : {
        "0" : 0.000000,
        "4" : 100.000000,
        "8" : 0.000000,
        "16" : 0.000000,
        "32" : 0.000000,
        "64" : 0.000000,
        ">=64" : 0.000000
      },
      "latency_ns" : {
        "2" : 0.000000,
        "4" : 0.000000,
        "10" : 0.000000,
        "20" : 0.000000,
        "50" : 0.000000,
        "100" : 0.000000,
        "250" : 0.000000,
        "500" : 0.000000,
        "750" : 0.000000,
        "1000" : 0.000000
      },
      "latency_us" : {
        "2" : 0.000000,
        "4" : 0.000000,
        "10" : 0.000000,
        "20" : 0.000000,
        "50" : 3.654733,
        "100" : 17.264831,
        "250" : 20.276708,
        "500" : 7.302432,
        "750" : 1.154590,
        "1000" : 1.826898
      },
      "latency_ms" : {
        "2" : 12.557647,
        "4" : 25.642411,
        "10" : 10.207667,
        "20" : 0.051211,
        "50" : 0.037236,
        "100" : 0.010505,
        "250" : 0.013131,
        "500" : 0.000000,
        "750" : 0.000000,
        "1000" : 0.000000,
        "2000" : 0.000000,
        ">=2000" : 0.000000
      },
      "latency_depth" : 1,
      "latency_target" : 0,
      "latency_percentile" : 100.000000,
      "latency_window" : 0
    }
  ],
  "disk_util" : [
    {
      "name" : "nvme0n1",
      "read_ios" : 531724,
      "write_ios" : 532331,
      "read_merges" : 2,
      "write_merges" : 2,
      "read_ticks" : 1567364,
      "write_ticks" : 79453,
      "in_queue" : 1646832,
      "util" : 99.876572
    }
  ]
}
