{
  "fio version" : "fio-3.28",
  "timestamp" : 1759642581,
  "timestamp_ms" : 1759642581818,
  "time" : "Sun Oct  5 00:36:21 2025",
  "jobs" : [
    {
      "jobname" : "randrw-t16",
      "groupid" : 0,
      "error" : 0,
      "eta" : 0,
      "elapsed" : 61,
      "job options" : {
        "name" : "randrw-t16",
        "ioengine" : "psync",
        "rw" : "randrw",
        "bs" : "64k",
        "numjobs" : "16",
        "size" : "10G",
        "iodepth" : "1",
        "runtime" : "60",
        "time_based" : "1",
        "direct" : "1",
        "filename" : "./fio_random_file",
        "group_reporting" : "1"
      },
      "read" : {
        "io_bytes" : 34357510144,
        "io_kbytes" : 33552256,
        "bw_bytes" : 572615625,
        "bw" : 559194,
        "iops" : 8737.421043,
        "runtime" : 60001,
        "total_ios" : 524254,
        "short_ios" : 0,
        "drop_ios" : 0,
        "slat_ns" : {
          "min" : 0,
          "max" : 0,
          "mean" : 0.000000,
          "stddev" : 0.000000,
          "N" : 0
        },
        "clat_ns" : {
          "min" : 183864,
          "max" : 116423530,
          "mean" : 1665733.758142,
          "stddev" : 1886851.026610,
          "N" : 524254,
          "percentile" : {
            "1.000000" : 423936,
            "5.000000" : 497664,
            "10.000000" : 536576,
            "20.000000" : 618496,
            "30.000000" : 897024,
            "40.000000" : 1171456,
            "50.000000" : 1318912,
            "60.000000" : 1482752,
            "70.000000" : 1728512,
            "80.000000" : 2670592,
            "90.000000" : 3457024,
            "95.000000" : 3883008,
            "99.000000" : 4751360,
            "99.500000" : 6586368,
            "99.900000" : 8224768,
            "99.950000" : 21626880,
            "99.990000" : 101187584
          }
        },
        "lat_ns" : {
          "min" : 183948,
          "max" : 116423718,
          "mean" : 1665956.129533,
          "stddev" : 1886843.143313,
          "N" : 524254
        },
        "bw_min" : 216398,
        "bw_max" : 791168,
        "bw_agg" : 100.000000,
        "bw_mean" : 561037.563025,
        "bw_dev" : 9495.064363,
        "bw_samples" : 1904,
        "iops_min" : 3380,
        "iops_max" : 12362,
        "iops_mean" : 8766.201681,
        "iops_stddev" : 148.361849,
        "iops_samples" : 1904
      },
      "write" : {
        "io_bytes" : 34355675136,
        "io_kbytes" : 33550464,
        "bw_bytes" : 572585042,
        "bw" : 559165,
        "iops" : 8736.954384,
        "runtime" : 60001,
        "total_ios" : 524226,
        "short_ios" : 0,
        "drop_ios" : 0,
        "slat_ns" : {
          "min" : 0,
          "max" : 0,
          "mean" : 0.000000,
          "stddev" : 0.000000,
          "N" : 0
        },
        "clat_ns" : {
          "min" : 39554,
          "max" : 36679178,
          "mean" : 156930.926761,
          "stddev" : 218356.896224,
          "N" : 524226,
          "percentile" : {
            "1.000000" : 43776,
            "5.000000" : 48896,
            "10.000000" : 56576,
            "20.000000" : 69120,
            "30.000000" : 85504,
            "40.000000" : 100864,
            "50.000000" : 124416,
            "60.000000" : 144384,
            "70.000000" : 179200,
            "80.000000" : 228352,
            "90.000000" : 313344,
            "95.000000" : 358400,
            "99.000000" : 544768,
            "99.500000" : 585728,
            "99.900000" : 684032,
            "99.950000" : 708608,
            "99.990000" : 2965504
          }
        },
        "lat_ns" : {
          "min" : 40368,
          "max" : 36683985,
          "mean" : 160451.121781,
          "stddev" : 218408.899188,
          "N" : 524226
        },
        "bw_min" : 213432,
        "bw_max" : 858240,
        "bw_agg" : 100.000000,
        "bw_mean" : 561023.613445,
        "bw_dev" : 9760.498223,
        "bw_samples" : 1904,
        "iops_min" : 3334,
        "iops_max" : 13410,
        "iops_mean" : 8765.983193,
        "iops_stddev" : 152.509248,
        "iops_samples" : 1904
      },
      "trim" : {
        "io_bytes" : 0,
        "io_kbytes" : 0,
        "bw_bytes" : 0,
        "bw" : 0,
        "iops" : 0.000000,
        "runtime" : 0,
        "total_ios" : 0,
        "short_ios" : 0,
        "drop_ios" : 0,
        "slat_ns" : {
          "min" : 0,
          "max" : 0,
          "mean" : 0.000000,
          "stddev" : 0.000000,
          "N" : 0
        },
        "clat_ns" : {
          "min" : 0,
          "max" : 0,
          "mean" : 0.000000,
          "stddev" : 0.000000,
          "N" : 0
        },
        "lat_ns" : {
          "min" : 0,
          "max" : 0,
          "mean" : 0.000000,
          "stddev" : 0.000000,
          "N" : 0
        },
        "bw_min" : 0,
        "bw_max" : 0,
        "bw_agg" : 0.000000,
        "bw_mean" : 0.000000,
        "bw_dev" : 0.000000,
        "bw_samples" : 0,
        "iops_min" : 0,
        "iops_max" : 0,
        "iops_mean" : 0.000000,
        "iops_stddev" : 0.000000,
        "iops_samples" : 0
      },
      "sync" : {
        "total_ios" : 0,
        "lat_ns" : {
          "min" : 0,
          "max" : 0,
          "mean" : 0.000000,
          "stddev" : 0.000000,
          "N" : 0
        }
      },
      "job_runtime" : 960000,
      "usr_cpu" : 0.848750,
      "sys_cpu" : 2.373333,
      "ctx" : 1051039,
      "majf" : 0,
      "minf" : 302,
      "iodepth_level" : {
        "1" : 100.000000,
        "2" : 0.000000,
        "4" : 0.000000,
        "8" : 0.000000,
        "16" : 0.000000,
        "32" : 0.000000,
        ">=64" : 0.000000
      },
      "iodepth_submit" : {
        "0" : 0.000000,
        "4" : 100.000000,
        "8" : 0.000000,
        "16" : 0.000000,
        "32" : 0.000000,
        "64" : 0.000000,
        ">=64" : 0.000000
      },
      "iodepth_complete" : {
        "0" : 0.000000,
        "4" : 100.000000,
        "8" : 0.000000,
        "16" : 0.000000,
        "32" : 0.000000,
        "64" : 0.000000,
        ">=64" : 0.000000
      },
      "latency_ns" : {
        "2" : 0.000000,
        "4" : 0.000000,
        "10" : 0.000000,
        "20" : 0.000000,
        "50" : 0.000000,
        "100" : 0.000000,
        "250" : 0.000000,
        "500" : 0.000000,
        "750" : 0.000000,
        "1000" : 0.000000
      },
      "latency_us" : {
        "2" : 0.000000,
        "4" : 0.000000,
        "10" : 0.000000,
        "20" : 0.000000,
        "50" : 2.982127,
        "100" : 16.683771,
        "250" : 22.132134,
        "500" : 9.947066,
        "750" : 11.805662,
        "1000" : 2.896193
      },
      "latency_ms" : {
        "2" : 21.589253,
        "4" : 9.910633,
        "10" : 2.006047,
        "20" : 0.018694,
        "50" : 0.016214,
        "100" : 0.010000,
        "250" : 0.010000,
        "500" : 0.000000,
        "750" : 0.000000,
        "1000" : 0.000000,
        "2000" : 0.000000,
        ">=2000" : 0.000000
      },
      "latency_depth" : 1,
      "latency_target" : 0,
      "latency_percentile" : 100.000000,
      "latency_window" : 0
    }
  ],
  "disk_util" : [
    {
      "name" : "nvme0n1",
      "read_ios" : 523548,
      "write_ios" : 523540,
      "read_merges" : 1,
      "write_merges" : 3,
      "read_ticks" : 854991,
      "write_ticks" : 73662,
      "in_queue" : 928662,
      "util" : 99.883244
    }
  ]
}
