{
  "fio version" : "fio-3.28",
  "timestamp" : 1759642642,
  "timestamp_ms" : 1759642642274,
  "time" : "Sun Oct  5 00:37:22 2025",
  "jobs" : [
    {
      "jobname" : "randrw-t20",
      "groupid" : 0,
      "error" : 0,
      "eta" : 0,
      "elapsed" : 61,
      "job options" : {
        "name" : "randrw-t20",
        "ioengine" : "psync",
        "rw" : "randrw",
        "bs" : "64k",
        "numjobs" : "20",
        "size" : "10G",
        "iodepth" : "1",
        "runtime" : "60",
        "time_based" : "1",
        "direct" : "1",
        "filename" : "./fio_random_file",
        "group_reporting" : "1"
      },
      "read" : {
        "io_bytes" : 34988883968,
        "io_kbytes" : 34168832,
        "bw_bytes" : 583128628,
        "bw" : 569461,
        "iops" : 8897.836739,
        "runtime" : 60002,
        "total_ios" : 533888,
        "short_ios" : 0,
        "drop_ios" : 0,
        "slat_ns" : {
          "min" : 0,
          "max" : 0,
          "mean" : 0.000000,
          "stddev" : 0.000000,
          "N" : 0
        },
        "clat_ns" : {
          "min" : 266627,
          "max" : 118898171,
          "mean" : 2078978.607884,
          "stddev" : 2066297.615051,
          "N" : 533888,
          "percentile" : {
            "1.000000" : 544768,
            "5.000000" : 634880,
            "10.000000" : 700416,
            "20.000000" : 1073152,
            "30.000000" : 1302528,
            "40.000000" : 1466368,
            "50.000000" : 1646592,
            "60.000000" : 1875968,
            "70.000000" : 2244608,
            "80.000000" : 3293184,
            "90.000000" : 3850240,
            "95.000000" : 4292608,
            "99.000000" : 6782976,
            "99.500000" : 7110656,
            "99.900000" : 13172736,
            "99.950000" : 34865152,
            "99.990000" : 101187584
          }
        },
        "lat_ns" : {
          "min" : 266841,
          "max" : 118898261,
          "mean" : 2079212.388048,
          "stddev" : 2066290.897965,
          "N" : 533888
        },
        "bw_min" : 246912,
        "bw_max" : 812416,
        "bw_agg" : 100.000000,
        "bw_mean" : 569835.563025,
        "bw_dev" : 7917.417756,
        "bw_samples" : 2380,
        "iops_min" : 3858,
        "iops_max" : 12694,
        "iops_mean" : 8903.680672,
        "iops_stddev" : 123.708361,
        "iops_samples" : 2380
      },
      "write" : {
        "io_bytes" : 35010838528,
        "io_kbytes" : 34190272,
        "bw_bytes" : 583494525,
        "bw" : 569818,
        "iops" : 8903.419886,
        "runtime" : 60002,
        "total_ios" : 534223,
        "short_ios" : 0,
        "drop_ios" : 0,
        "slat_ns" : {
          "min" : 0,
          "max" : 0,
          "mean" : 0.000000,
          "stddev" : 0.000000,
          "N" : 0
        },
        "clat_ns" : {
          "min" : 37244,
          "max" : 43472910,
          "mean" : 161513.123102,
          "stddev" : 344986.283382,
          "N" : 534223,
          "percentile" : {
            "1.000000" : 42240,
            "5.000000" : 46848,
            "10.000000" : 55040,
            "20.000000" : 68096,
            "30.000000" : 82432,
            "40.000000" : 97792,
            "50.000000" : 121344,
            "60.000000" : 140288,
            "70.000000" : 173056,
            "80.000000" : 224256,
            "90.000000" : 333824,
            "95.000000" : 387072,
            "99.000000" : 618496,
            "99.500000" : 675840,
            "99.900000" : 749568,
            "99.950000" : 798720,
            "99.990000" : 21102592
          }
        },
        "lat_ns" : {
          "min" : 37728,
          "max" : 43475113,
          "mean" : 163184.033112,
          "stddev" : 345018.933664,
          "N" : 534223
        },
        "bw_min" : 227712,
        "bw_max" : 896768,
        "bw_agg" : 100.000000,
        "bw_mean" : 570215.260504,
        "bw_dev" : 8238.958997,
        "bw_samples" : 2380,
        "iops_min" : 3558,
        "iops_max" : 14012,
        "iops_mean" : 8909.596639,
        "iops_stddev" : 128.732813,
        "iops_samples" : 2380
      },
      "trim" : {
        "io_bytes" : 0,
        "io_kbytes" : 0,
        "bw_bytes" : 0,
        "bw" : 0,
        "iops" : 0.000000,
        "runtime" : 0,
        "total_ios" : 0,
        "short_ios" : 0,
        "drop_ios" : 0,
        "slat_ns" : {
          "min" : 0,
          "max" : 0,
          "mean" : 0.000000,
          "stddev" : 0.000000,
          "N" : 0
        },
        "clat_ns" : {
          "min" : 0,
          "max" : 0,
          "mean" : 0.000000,
          "stddev" : 0.000000,
          "N" : 0
        },
        "lat_ns" : {
          "min" : 0,
          "max" : 0,
          "mean" : 0.000000,
          "stddev" : 0.000000,
          "N" : 0
        },
        "bw_min" : 0,
        "bw_max" : 0,
        "bw_agg" : 0.000000,
        "bw_mean" : 0.000000,
        "bw_dev" : 0.000000,
        "bw_samples" : 0,
        "iops_min" : 0,
        "iops_max" : 0,
        "iops_mean" : 0.000000,
        "iops_stddev" : 0.000000,
        "iops_samples" : 0
      },
      "sync" : {
        "total_ios" : 0,
        "lat_ns" : {
          "min" : 0,
          "max" : 0,
          "mean" : 0.000000,
          "stddev" : 0.000000,
          "N" : 0
        }
      },
      "job_runtime" : 1200003,
      "usr_cpu" : 0.641665,
      "sys_cpu" : 2.093245,
      "ctx" : 1071110,
      "majf" : 0,
      "minf" : 333,
      "iodepth_level" : {
        "1" : 100.000000,
        "2" : 0.000000,
        "4" : 0.000000,
        "8" : 0.000000,
        "16" : 0.000000,
        "32" : 0.000000,
        ">=64" : 0.000000
      },
      "iodepth_submit" : {
        "0" : 0.000000,
        "4" : 100.000000,
        "8" : 0.000000,
        "16" : 0.000000,
        "32" : 0.000000,
        "64" : 0.000000,
        ">=64" : 0.000000
      },
      "iodepth_complete" : {
        "0" : 0.000000,
        "4" : 100.000000,
        "8" : 0.000000,
        "16" : 0.000000,
        "32" : 0.000000,
        "64" : 0.000000,
        ">=64" : 0.000000
      },
      "latency_ns" : {
        "2" : 0.000000,
        "4" : 0.000000,
        "10" : 0.000000,
        "20" : 0.000000,
        "50" : 0.000000,
        "100" : 0.000000,
        "250" : 0.000000,
        "500" : 0.000000,
        "750" : 0.000000,
        "1000" : 0.000000
      },
      "latency_us" : {
        "2" : 0.000000,
        "4" : 0.000000,
        "10" : 0.000000,
        "20" : 0.000000,
        "50" : 3.471175,
        "100" : 17.260566,
        "250" : 20.791378,
        "500" : 7.379570,
        "750" : 7.758744,
        "1000" : 2.690638
      },
      "latency_ms" : {
        "2" : 22.840791,
        "4" : 13.577709,
        "10" : 4.170540,
        "20" : 0.017695,
        "50" : 0.026215,
        "100" : 0.010000,
        "250" : 0.010000,
        "500" : 0.000000,
        "750" : 0.000000,
        "1000" : 0.000000,
        "2000" : 0.000000,
        ">=2000" : 0.000000
      },
      "latency_depth" : 1,
      "latency_target" : 0,
      "latency_percentile" : 100.000000,
      "latency_window" : 0
    }
  ],
  "disk_util" : [
    {
      "name" : "nvme0n1",
      "read_ios" : 532395,
      "write_ios" : 532826,
      "read_merges" : 1,
      "write_merges" : 2,
      "read_ticks" : 1090527,
      "write_ticks" : 76925,
      "in_queue" : 1167464,
      "util" : 99.908246
    }
  ]
}
