{
  "fio version" : "fio-3.28",
  "timestamp" : 1759642702,
  "timestamp_ms" : 1759642702737,
  "time" : "Sun Oct  5 00:38:22 2025",
  "jobs" : [
    {
      "jobname" : "randrw-t24",
      "groupid" : 0,
      "error" : 0,
      "eta" : 0,
      "elapsed" : 61,
      "job options" : {
        "name" : "randrw-t24",
        "ioengine" : "psync",
        "rw" : "randrw",
        "bs" : "64k",
        "numjobs" : "24",
        "size" : "10G",
        "iodepth" : "1",
        "runtime" : "60",
        "time_based" : "1",
        "direct" : "1",
        "filename" : "./fio_random_file",
        "group_reporting" : "1"
      },
      "read" : {
        "io_bytes" : 34700132352,
        "io_kbytes" : 33886848,
        "bw_bytes" : 578306623,
        "bw" : 564752,
        "iops" : 8824.258787,
        "runtime" : 60003,
        "total_ios" : 529482,
        "short_ios" : 0,
        "drop_ios" : 0,
        "slat_ns" : {
          "min" : 0,
          "max" : 0,
          "mean" : 0.000000,
          "stddev" : 0.000000,
          "N" : 0
        },
        "clat_ns" : {
          "min" : 275786,
          "max" : 159811119,
          "mean" : 2552963.714306,
          "stddev" : 2611517.717653,
          "N" : 529482,
          "percentile" : {
            "1.000000" : 724992,
            "5.000000" : 856064,
            "10.000000" : 1122304,
            "20.000000" : 1466368,
            "30.000000" : 1630208,
            "40.000000" : 1826816,
            "50.000000" : 2023424,
            "60.000000" : 2244608,
            "70.000000" : 2605056,
            "80.000000" : 3522560,
            "90.000000" : 4292608,
            "95.000000" : 4882432,
            "99.000000" : 12124160,
            "99.500000" : 12648448,
            "99.900000" : 18481152,
            "99.950000" : 32636928,
            "99.990000" : 121110528
          }
        },
        "lat_ns" : {
          "min" : 275890,
          "max" : 159811346,
          "mean" : 2553193.536347,
          "stddev" : 2611535.600622,
          "N" : 529482
        },
        "bw_min" : 118016,
        "bw_max" : 810752,
        "bw_agg" : 100.000000,
        "bw_mean" : 566652.773109,
        "bw_dev" : 7987.994019,
        "bw_samples" : 2856,
        "iops_min" : 1844,
        "iops_max" : 12668,
        "iops_mean" : 8853.949580,
        "iops_stddev" : 124.812407,
        "iops_samples" : 2856
      },
      "write" : {
        "io_bytes" : 34726871040,
        "io_kbytes" : 33912960,
        "bw_bytes" : 578752246,
        "bw" : 565187,
        "iops" : 8831.058447,
        "runtime" : 60003,
        "total_ios" : 529890,
        "short_ios" : 0,
        "drop_ios" : 0,
        "slat_ns" : {
          "min" : 0,
          "max" : 0,
          "mean" : 0.000000,
          "stddev" : 0.000000,
          "N" : 0
        },
        "clat_ns" : {
          "min" : 36852,
          "max" : 31752808,
          "mean" : 159946.999732,
          "stddev" : 316873.519889,
          "N" : 529890,
          "percentile" : {
            "1.000000" : 41728,
            "5.000000" : 45824,
            "10.000000" : 53504,
            "20.000000" : 65280,
            "30.000000" : 80384,
            "40.000000" : 94720,
            "50.000000" : 116224,
            "60.000000" : 134144,
            "70.000000" : 168960,
            "80.000000" : 218112,
            "90.000000" : 333824,
            "95.000000" : 395264,
            "99.000000" : 643072,
            "99.500000" : 700416,
            "99.900000" : 823296,
            "99.950000" : 2703360,
            "99.990000" : 20578304
          }
        },
        "lat_ns" : {
          "min" : 37719,
          "max" : 31754508,
          "mean" : 161522.351175,
          "stddev" : 316899.847723,
          "N" : 529890
        },
        "bw_min" : 106752,
        "bw_max" : 918528,
        "bw_agg" : 100.000000,
        "bw_mean" : 567204.571429,
        "bw_dev" : 8318.252340,
        "bw_samples" : 2856,
        "iops_min" : 1668,
        "iops_max" : 14352,
        "iops_mean" : 8862.571429,
        "iops_stddev" : 129.972693,
        "iops_samples" : 2856
      },
      "trim" : {
        "io_bytes" : 0,
        "io_kbytes" : 0,
        "bw_bytes" : 0,
        "bw" : 0,
        "iops" : 0.000000,
        "runtime" : 0,
        "total_ios" : 0,
        "short_ios" : 0,
        "drop_ios" : 0,
        "slat_ns" : {
          "min" : 0,
          "max" : 0,
          "mean" : 0.000000,
          "stddev" : 0.000000,
          "N" : 0
        },
        "clat_ns" : {
          "min" : 0,
          "max" : 0,
          "mean" : 0.000000,
          "stddev" : 0.000000,
          "N" : 0
        },
        "lat_ns" : {
          "min" : 0,
          "max" : 0,
          "mean" : 0.000000,
          "stddev" : 0.000000,
          "N" : 0
        },
        "bw_min" : 0,
        "bw_max" : 0,
        "bw_agg" : 0.000000,
        "bw_mean" : 0.000000,
        "bw_dev" : 0.000000,
        "bw_samples" : 0,
        "iops_min" : 0,
        "iops_max" : 0,
        "iops_mean" : 0.000000,
        "iops_stddev" : 0.000000,
        "iops_samples" : 0
      },
      "sync" : {
        "total_ios" : 0,
        "lat_ns" : {
          "min" : 0,
          "max" : 0,
          "mean" : 0.000000,
          "stddev" : 0.000000,
          "N" : 0
        }
      },
      "job_runtime" : 1440042,
      "usr_cpu" : 0.507069,
      "sys_cpu" : 1.631550,
      "ctx" : 1062259,
      "majf" : 0,
      "minf" : 401,
      "iodepth_level" : {
        "1" : 100.000000,
        "2" : 0.000000,
        "4" : 0.000000,
        "8" : 0.000000,
        "16" : 0.000000,
        "32" : 0.000000,
        ">=64" : 0.000000
      },
      "iodepth_submit" : {
        "0" : 0.000000,
        "4" : 100.000000,
        "8" : 0.000000,
        "16" : 0.000000,
        "32" : 0.000000,
        "64" : 0.000000,
        ">=64" : 0.000000
      },
      "iodepth_complete" : {
        "0" : 0.000000,
        "4" : 100.000000,
        "8" : 0.000000,
        "16" : 0.000000,
        "32" : 0.000000,
        "64" : 0.000000,
        ">=64" : 0.000000
      },
      "latency_ns" : {
        "2" : 0.000000,
        "4" : 0.000000,
        "10" : 0.000000,
        "20" : 0.000000,
        "50" : 0.000000,
        "100" : 0.000000,
        "250" : 0.000000,
        "500" : 0.000000,
        "750" : 0.000000,
        "1000" : 0.000000
      },
      "latency_us" : {
        "2" : 0.000000,
        "4" : 0.000000,
        "10" : 0.000000,
        "20" : 0.000000,
        "50" : 3.860400,
        "100" : 18.058718,
        "250" : 19.828823,
        "500" : 7.136681,
        "750" : 1.727439,
        "1000" : 3.860306
      },
      "latency_ms" : {
        "2" : 19.960222,
        "4" : 19.198450,
        "10" : 5.794187,
        "20" : 0.527199,
        "50" : 0.028130,
        "100" : 0.010000,
        "250" : 0.010006,
        "500" : 0.000000,
        "750" : 0.000000,
        "1000" : 0.000000,
        "2000" : 0.000000,
        ">=2000" : 0.000000
      },
      "latency_depth" : 1,
      "latency_target" : 0,
      "latency_percentile" : 100.000000,
      "latency_window" : 0
    }
  ],
  "disk_util" : [
    {
      "name" : "nvme0n1",
      "read_ios" : 528714,
      "write_ios" : 529198,
      "read_merges" : 1,
      "write_merges" : 1,
      "read_ticks" : 1332535,
      "write_ticks" : 76039,
      "in_queue" : 1408658,
      "util" : 99.916575
    }
  ]
}
