{
  "fio version" : "fio-3.28",
  "timestamp" : 1759642823,
  "timestamp_ms" : 1759642823662,
  "time" : "Sun Oct  5 00:40:23 2025",
  "jobs" : [
    {
      "jobname" : "randrw-t32",
      "groupid" : 0,
      "error" : 0,
      "eta" : 0,
      "elapsed" : 61,
      "job options" : {
        "name" : "randrw-t32",
        "ioengine" : "psync",
        "rw" : "randrw",
        "bs" : "64k",
        "numjobs" : "32",
        "size" : "10G",
        "iodepth" : "1",
        "runtime" : "60",
        "time_based" : "1",
        "direct" : "1",
        "filename" : "./fio_random_file",
        "group_reporting" : "1"
      },
      "read" : {
        "io_bytes" : 35086729216,
        "io_kbytes" : 34264384,
        "bw_bytes" : 584739837,
        "bw" : 571034,
        "iops" : 8922.421839,
        "runtime" : 60004,
        "total_ios" : 535381,
        "short_ios" : 0,
        "drop_ios" : 0,
        "slat_ns" : {
          "min" : 0,
          "max" : 0,
          "mean" : 0.000000,
          "stddev" : 0.000000,
          "N" : 0
        },
        "clat_ns" : {
          "min" : 505193,
          "max" : 227198307,
          "mean" : 3405569.316472,
          "stddev" : 3179429.883484,
          "N" : 535381,
          "percentile" : {
            "1.000000" : 1138688,
            "5.000000" : 1695744,
            "10.000000" : 1875968,
            "20.000000" : 2179072,
            "30.000000" : 2375680,
            "40.000000" : 2539520,
            "50.000000" : 2736128,
            "60.000000" : 3096576,
            "70.000000" : 3784704,
            "80.000000" : 4292608,
            "90.000000" : 5013504,
            "95.000000" : 5537792,
            "99.000000" : 13041664,
            "99.500000" : 17956864,
            "99.900000" : 23986176,
            "99.950000" : 47448064,
            "99.990000" : 137363456
          }
        },
        "lat_ns" : {
          "min" : 505373,
          "max" : 227198485,
          "mean" : 3405795.867121,
          "stddev" : 3179450.168835,
          "N" : 535381
        },
        "bw_min" : 105984,
        "bw_max" : 803328,
        "bw_agg" : 100.000000,
        "bw_mean" : 571894.319328,
        "bw_dev" : 5859.232825,
        "bw_samples" : 3808,
        "iops_min" : 1656,
        "iops_max" : 12552,
        "iops_mean" : 8935.848739,
        "iops_stddev" : 91.550513,
        "iops_samples" : 3808
      },
      "write" : {
        "io_bytes" : 35137388544,
        "io_kbytes" : 34313856,
        "bw_bytes" : 585584103,
        "bw" : 571859,
        "iops" : 8935.304313,
        "runtime" : 60004,
        "total_ios" : 536154,
        "short_ios" : 0,
        "drop_ios" : 0,
        "slat_ns" : {
          "min" : 0,
          "max" : 0,
          "mean" : 0.000000,
          "stddev" : 0.000000,
          "N" : 0
        },
        "clat_ns" : {
          "min" : 37098,
          "max" : 114225687,
          "mean" : 173677.428935,
          "stddev" : 440125.637388,
          "N" : 536154,
          "percentile" : {
            "1.000000" : 41216,
            "5.000000" : 45824,
            "10.000000" : 54016,
            "20.000000" : 66048,
            "30.000000" : 81408,
            "40.000000" : 95744,
            "50.000000" : 118272,
            "60.000000" : 138240,
            "70.000000" : 171008,
            "80.000000" : 224256,
            "90.000000" : 354304,
            "95.000000" : 419840,
            "99.000000" : 823296,
            "99.500000" : 913408,
            "99.900000" : 1613824,
            "99.950000" : 5079040,
            "99.990000" : 22413312
          }
        },
        "lat_ns" : {
          "min" : 37817,
          "max" : 114228971,
          "mean" : 175304.508022,
          "stddev" : 440148.843383,
          "N" : 536154
        },
        "bw_min" : 104320,
        "bw_max" : 932096,
        "bw_agg" : 100.000000,
        "bw_mean" : 572762.352941,
        "bw_dev" : 6182.973421,
        "bw_samples" : 3808,
        "iops_min" : 1630,
        "iops_max" : 14564,
        "iops_mean" : 8949.411765,
        "iops_stddev" : 96.608960,
        "iops_samples" : 3808
      },
      "trim" : {
        "io_bytes" : 0,
        "io_kbytes" : 0,
        "bw_bytes" : 0,
        "bw" : 0,
        "iops" : 0.000000,
        "runtime" : 0,
        "total_ios" : 0,
        "short_ios" : 0,
        "drop_ios" : 0,
        "slat_ns" : {
          "min" : 0,
          "max" : 0,
          "mean" : 0.000000,
          "stddev" : 0.000000,
          "N" : 0
        },
        "clat_ns" : {
          "min" : 0,
          "max" : 0,
          "mean" : 0.000000,
          "stddev" : 0.000000,
          "N" : 0
        },
        "lat_ns" : {
          "min" : 0,
          "max" : 0,
          "mean" : 0.000000,
          "stddev" : 0.000000,
          "N" : 0
        },
        "bw_min" : 0,
        "bw_max" : 0,
        "bw_agg" : 0.000000,
        "bw_mean" : 0.000000,
        "bw_dev" : 0.000000,
        "bw_samples" : 0,
        "iops_min" : 0,
        "iops_max" : 0,
        "iops_mean" : 0.000000,
        "iops_stddev" : 0.000000,
        "iops_samples" : 0
      },
      "sync" : {
        "total_ios" : 0,
        "lat_ns" : {
          "min" : 0,
          "max" : 0,
          "mean" : 0.000000,
          "stddev" : 0.000000,
          "N" : 0
        }
      },
      "job_runtime" : 1920050,
      "usr_cpu" : 0.396761,
      "sys_cpu" : 1.270904,
      "ctx" : 1074532,
      "majf" : 0,
      "minf" : 551,
      "iodepth_level" : {
        "1" : 100.000000,
        "2" : 0.000000,
        "4" : 0.000000,
        "8" : 0.000000,
        "16" : 0.000000,
        "32" : 0.000000,
        ">=64" : 0.000000
      },
      "iodepth_submit" : {
        "0" : 0.000000,
        "4" : 100.000000,
        "8" : 0.000000,
        "16" : 0.000000,
        "32" : 0.000000,
        "64" : 0.000000,
        ">=64" : 0.000000
      },
      "iodepth_complete" : {
        "0" : 0.000000,
        "4" : 100.000000,
        "8" : 0.000000,
        "16" : 0.000000,
        "32" : 0.000000,
        "64" : 0.000000,
        ">=64" : 0.000000
      },
      "latency_ns" : {
        "2" : 0.000000,
        "4" : 0.000000,
        "10" : 0.000000,
        "20" : 0.000000,
        "50" : 0.000000,
        "100" : 0.000000,
        "250" : 0.000000,
        "500" : 0.000000,
        "750" : 0.000000,
        "1000" : 0.000000
      },
      "latency_us" : {
        "2" : 0.000000,
        "4" : 0.000000,
        "10" : 0.000000,
        "20" : 0.000000,
        "50" : 3.847658,
        "100" : 17.765262,
        "250" : 19.627450,
        "500" : 7.119973,
        "750" : 0.860168,
        "1000" : 0.767310
      },
      "latency_ms" : {
        "2" : 6.863892,
        "4" : 30.826058,
        "10" : 11.316756,
        "20" : 0.922788,
        "50" : 0.058887,
        "100" : 0.010000,
        "250" : 0.013905,
        "500" : 0.000000,
        "750" : 0.000000,
        "1000" : 0.000000,
        "2000" : 0.000000,
        ">=2000" : 0.000000
      },
      "latency_depth" : 1,
      "latency_target" : 0,
      "latency_percentile" : 100.000000,
      "latency_window" : 0
    }
  ],
  "disk_util" : [
    {
      "name" : "nvme0n1",
      "read_ios" : 534291,
      "write_ios" : 535123,
      "read_merges" : 2,
      "write_merges" : 3,
      "read_ticks" : 1802587,
      "write_ticks" : 84032,
      "in_queue" : 1886718,
      "util" : 99.878222
    }
  ]
}
