{
  "fio version" : "fio-3.28",
  "timestamp" : 1759642521,
  "timestamp_ms" : 1759642521378,
  "time" : "Sun Oct  5 00:35:21 2025",
  "jobs" : [
    {
      "jobname" : "randrw-t12",
      "groupid" : 0,
      "error" : 0,
      "eta" : 0,
      "elapsed" : 61,
      "job options" : {
        "name" : "randrw-t12",
        "ioengine" : "psync",
        "rw" : "randrw",
        "bs" : "64k",
        "numjobs" : "12",
        "size" : "10G",
        "iodepth" : "1",
        "runtime" : "60",
        "time_based" : "1",
        "direct" : "1",
        "filename" : "./fio_random_file",
        "group_reporting" : "1"
      },
      "read" : {
        "io_bytes" : 34467545088,
        "io_kbytes" : 33659712,
        "bw_bytes" : 574449510,
        "bw" : 560985,
        "iops" : 8765.403910,
        "runtime" : 60001,
        "total_ios" : 525933,
        "short_ios" : 0,
        "drop_ios" : 0,
        "slat_ns" : {
          "min" : 0,
          "max" : 0,
          "mean" : 0.000000,
          "stddev" : 0.000000,
          "N" : 0
        },
        "clat_ns" : {
          "min" : 97284,
          "max" : 118283757,
          "mean" : 1233203.286917,
          "stddev" : 1642652.299075,
          "N" : 525933,
          "percentile" : {
            "1.000000" : 259072,
            "5.000000" : 321536,
            "10.000000" : 358400,
            "20.000000" : 411648,
            "30.000000" : 468992,
            "40.000000" : 602112,
            "50.000000" : 921600,
            "60.000000" : 1105920,
            "70.000000" : 1302528,
            "80.000000" : 1613824,
            "90.000000" : 3096576,
            "95.000000" : 3424256,
            "99.000000" : 4079616,
            "99.500000" : 4423680,
            "99.900000" : 6848512,
            "99.950000" : 15007744,
            "99.990000" : 61603840
          }
        },
        "lat_ns" : {
          "min" : 97419,
          "max" : 118284105,
          "mean" : 1233424.970774,
          "stddev" : 1642637.669275,
          "N" : 525933
        },
        "bw_min" : 265856,
        "bw_max" : 795392,
        "bw_agg" : 100.000000,
        "bw_mean" : 563072.563025,
        "bw_dev" : 12609.026096,
        "bw_samples" : 1428,
        "iops_min" : 4154,
        "iops_max" : 12428,
        "iops_mean" : 8798.008403,
        "iops_stddev" : 197.016077,
        "iops_samples" : 1428
      },
      "write" : {
        "io_bytes" : 34409218048,
        "io_kbytes" : 33602752,
        "bw_bytes" : 573477409,
        "bw" : 560036,
        "iops" : 8750.570824,
        "runtime" : 60001,
        "total_ios" : 525043,
        "short_ios" : 0,
        "drop_ios" : 0,
        "slat_ns" : {
          "min" : 0,
          "max" : 0,
          "mean" : 0.000000,
          "stddev" : 0.000000,
          "N" : 0
        },
        "clat_ns" : {
          "min" : 37451,
          "max" : 33083831,
          "mean" : 129520.493129,
          "stddev" : 216455.388135,
          "N" : 525043,
          "percentile" : {
            "1.000000" : 41728,
            "5.000000" : 44288,
            "10.000000" : 49408,
            "20.000000" : 60672,
            "30.000000" : 71168,
            "40.000000" : 83456,
            "50.000000" : 98816,
            "60.000000" : 118272,
            "70.000000" : 140288,
            "80.000000" : 175104,
            "90.000000" : 252928,
            "95.000000" : 313344,
            "99.000000" : 489472,
            "99.500000" : 514048,
            "99.900000" : 602112,
            "99.950000" : 643072,
            "99.990000" : 3391488
          }
        },
        "lat_ns" : {
          "min" : 38030,
          "max" : 33084951,
          "mean" : 131086.576330,
          "stddev" : 216480.454844,
          "N" : 525043
        },
        "bw_min" : 268544,
        "bw_max" : 846592,
        "bw_agg" : 100.000000,
        "bw_mean" : 562026.983193,
        "bw_dev" : 12896.674172,
        "bw_samples" : 1428,
        "iops_min" : 4196,
        "iops_max" : 13228,
        "iops_mean" : 8781.663866,
        "iops_stddev" : 201.511175,
        "iops_samples" : 1428
      },
      "trim" : {
        "io_bytes" : 0,
        "io_kbytes" : 0,
        "bw_bytes" : 0,
        "bw" : 0,
        "iops" : 0.000000,
        "runtime" : 0,
        "total_ios" : 0,
        "short_ios" : 0,
        "drop_ios" : 0,
        "slat_ns" : {
          "min" : 0,
          "max" : 0,
          "mean" : 0.000000,
          "stddev" : 0.000000,
          "N" : 0
        },
        "clat_ns" : {
          "min" : 0,
          "max" : 0,
          "mean" : 0.000000,
          "stddev" : 0.000000,
          "N" : 0
        },
        "lat_ns" : {
          "min" : 0,
          "max" : 0,
          "mean" : 0.000000,
          "stddev" : 0.000000,
          "N" : 0
        },
        "bw_min" : 0,
        "bw_max" : 0,
        "bw_agg" : 0.000000,
        "bw_mean" : 0.000000,
        "bw_dev" : 0.000000,
        "bw_samples" : 0,
        "iops_min" : 0,
        "iops_max" : 0,
        "iops_mean" : 0.000000,
        "iops_stddev" : 0.000000,
        "iops_samples" : 0
      },
      "sync" : {
        "total_ios" : 0,
        "lat_ns" : {
          "min" : 0,
          "max" : 0,
          "mean" : 0.000000,
          "stddev" : 0.000000,
          "N" : 0
        }
      },
      "job_runtime" : 720000,
      "usr_cpu" : 0.933750,
      "sys_cpu" : 3.043333,
      "ctx" : 1053215,
      "majf" : 0,
      "minf" : 197,
      "iodepth_level" : {
        "1" : 100.000000,
        "2" : 0.000000,
        "4" : 0.000000,
        "8" : 0.000000,
        "16" : 0.000000,
        "32" : 0.000000,
        ">=64" : 0.000000
      },
      "iodepth_submit" : {
        "0" : 0.000000,
        "4" : 100.000000,
        "8" : 0.000000,
        "16" : 0.000000,
        "32" : 0.000000,
        "64" : 0.000000,
        ">=64" : 0.000000
      },
      "iodepth_complete" : {
        "0" : 0.000000,
        "4" : 100.000000,
        "8" : 0.000000,
        "16" : 0.000000,
        "32" : 0.000000,
        "64" : 0.000000,
        ">=64" : 0.000000
      },
      "latency_ns" : {
        "2" : 0.000000,
        "4" : 0.000000,
        "10" : 0.000000,
        "20" : 0.000000,
        "50" : 0.000000,
        "100" : 0.000000,
        "250" : 0.000000,
        "500" : 0.000000,
        "750" : 0.000000,
        "1000" : 0.000000
      },
      "latency_us" : {
        "2" : 0.000000,
        "4" : 0.000000,
        "10" : 0.000000,
        "20" : 0.000000,
        "50" : 5.271576,
        "100" : 20.204933,
        "250" : 19.759728,
        "500" : 21.274035,
        "750" : 5.550936,
        "1000" : 4.907343
      },
      "latency_ms" : {
        "2" : 14.569790,
        "4" : 7.780577,
        "10" : 0.646447,
        "20" : 0.016271,
        "50" : 0.010000,
        "100" : 0.010000,
        "250" : 0.010000,
        "500" : 0.000000,
        "750" : 0.000000,
        "1000" : 0.000000,
        "2000" : 0.000000,
        ">=2000" : 0.000000
      },
      "latency_depth" : 1,
      "latency_target" : 0,
      "latency_percentile" : 100.000000,
      "latency_window" : 0
    }
  ],
  "disk_util" : [
    {
      "name" : "nvme0n1",
      "read_ios" : 525270,
      "write_ios" : 524423,
      "read_merges" : 1,
      "write_merges" : 5,
      "read_ticks" : 633245,
      "write_ticks" : 60185,
      "in_queue" : 693450,
      "util" : 99.918253
    }
  ]
}
